id,sensor_id,household_id,event_type,severity,severity_score,confidence,is_night,is_meaningful,pattern_label,avg_sound_level,max_sound_level,avg_vibration,duration_ms,sample_count,started_at,ended_at,status
1,SENSOR-A101-01,1,daily_noise,medium,3.0,0.74,0,1,no_pattern,55.0,55.0,700.0,3000,1,2026-05-11 12:00:00.000000,,new
2,SENSOR-A101-01,1,daily_noise,low,2.0,0.74,0,1,no_pattern,57.37305,57.37305,7.0,2000,1,2026-05-11 12:27:04.047238,,new
3,SENSOR-A101-01,1,daily_noise,medium,4.0,0.74,0,1,no_pattern,72.50977,72.50977,8.0,2000,1,2026-05-11 12:27:10.898634,,new
4,SENSOR-A101-01,1,daily_noise,low,1.0,0.74,0,1,no_pattern,47.11914,47.11914,9.0,2000,1,2026-05-11 12:27:14.156371,,new
5,SENSOR-A101-01,1,daily_noise,low,2.0,0.74,0,1,no_pattern,50.29297,50.29297,8.0,2000,1,2026-05-11 12:27:16.829382,,new
6,SENSOR-A101-01,1,daily_noise,medium,4.0,0.74,0,1,no_pattern,64.69727,64.69727,8.0,2000,1,2026-05-11 12:27:19.477095,,new
7,SENSOR-A101-01,1,repeated_vibration,high,6.0,0.82,0,1,no_pattern,43.70117,43.70117,1007.0,2000,1,2026-05-11 12:27:22.149364,,new
8,SENSOR-A101-01,1,daily_noise,medium,3.0,0.74,0,1,no_pattern,49.56055,49.56055,8.0,2000,1,2026-05-11 12:27:42.213323,,new
9,SENSOR-A101-01,1,daily_noise,medium,3.0,0.74,0,1,no_pattern,54.93164,54.93164,8.0,2000,1,2026-05-11 12:27:54.019330,,new
10,SENSOR-A101-01,1,daily_noise,high,6.0,0.74,0,1,no_pattern,77.63672,77.63672,8.0,2000,1,2026-05-11 12:27:59.874157,,new
11,SENSOR-A101-01,1,daily_noise,medium,3.0,0.74,0,1,no_pattern,49.80469,49.80469,10.0,2000,1,2026-05-11 12:28:02.483012,,new
12,SENSOR-A101-01,1,repeated_vibration,critical,9.0,0.82,0,1,no_pattern,62.5,62.5,1007.0,2000,1,2026-05-11 12:28:05.345008,,new
13,SENSOR-A101-01,1,daily_noise,high,6.0,0.74,0,1,no_pattern,88.37891,88.37891,8.0,2000,1,2026-05-11 12:28:08.029099,,new
14,SENSOR-A101-01,1,daily_noise,high,6.0,0.74,0,1,no_pattern,66.16211,66.16211,8.0,2000,1,2026-05-11 12:28:10.767270,,new
15,SENSOR-A101-01,1,daily_noise,high,6.0,0.74,0,1,no_pattern,67.13867,67.13867,8.0,2000,1,2026-05-11 12:28:25.130299,,new
16,SENSOR-A101-01,1,daily_noise,high,6.0,0.74,0,1,no_pattern,65.91797,65.91797,9.0,2000,1,2026-05-11 12:28:33.113742,,new
17,SENSOR-A101-01,1,daily_noise,high,6.0,0.74,0,1,no_pattern,68.60352,68.60352,7.0,2000,1,2026-05-11 12:28:35.969694,,new
18,SENSOR-A101-01,1,repeated_vibration,high,8.0,0.82,0,1,no_pattern,58.83789,58.83789,1005.0,2000,1,2026-05-11 12:28:44.579073,,new
19,SENSOR-A101-01,1,repeated_vibration,critical,9.0,0.82,0,1,no_pattern,62.01172,62.01172,1006.0,2000,1,2026-05-11 12:28:54.487490,,new
20,SENSOR-A101-01,1,repeated_vibration,high,7.0,0.82,0,1,no_pattern,55.9082,55.9082,1006.0,2000,1,2026-05-11 12:28:57.261612,,new
21,SENSOR-A101-01,1,repeated_vibration,high,7.0,0.82,0,1,no_pattern,52.97852,52.97852,1005.0,2000,1,2026-05-11 12:28:59.927315,,new
22,SENSOR-A101-01,1,daily_noise,medium,3.0,0.74,0,1,no_pattern,45.41016,45.41016,7.0,2000,1,2026-05-11 12:29:02.585915,,new
23,SENSOR-A101-01,1,daily_noise,medium,3.0,0.74,0,1,no_pattern,53.22266,53.22266,8.0,2000,1,2026-05-11 12:29:08.119681,,new
24,SENSOR-A101-01,1,daily_noise,medium,5.0,0.74,0,1,no_pattern,60.79102,60.79102,8.0,2000,1,2026-05-11 12:29:10.781779,,new
25,SENSOR-A101-01,1,daily_noise,medium,5.0,0.74,0,1,no_pattern,59.81445,59.81445,8.0,2000,1,2026-05-11 12:29:13.647070,,new
26,SENSOR-A101-01,1,daily_noise,medium,3.0,0.74,0,1,no_pattern,48.82813,48.82813,8.0,2000,1,2026-05-11 12:29:16.515048,,new
27,SENSOR-A101-01,1,daily_noise,medium,4.0,0.74,0,1,no_pattern,57.86133,57.86133,8.0,2000,1,2026-05-11 12:29:19.242034,,new
28,SENSOR-A101-01,1,repeated_vibration,high,8.0,0.82,0,1,no_pattern,58.10547,58.10547,1006.0,2000,1,2026-05-11 12:29:24.321687,,new
29,SENSOR-A101-01,1,daily_noise,high,6.0,0.74,0,1,no_pattern,69.82422,69.82422,7.0,2000,1,2026-05-11 12:29:32.282555,,new
30,SENSOR-A101-01,1,daily_noise,medium,4.0,0.74,0,1,no_pattern,58.10547,58.10547,8.0,2000,1,2026-05-11 12:29:35.160022,,new
31,SENSOR-A101-01,1,daily_noise,high,6.0,0.74,0,1,no_pattern,71.28906,71.28906,8.0,2000,1,2026-05-11 12:29:38.018436,,new
32,SENSOR-A101-01,1,daily_noise,high,6.0,0.74,0,1,no_pattern,98.87695,98.87695,8.0,2000,1,2026-05-11 12:29:41.088947,,new
33,SENSOR-A101-01,1,repeated_vibration,critical,10.0,0.82,0,1,no_pattern,70.06836,70.06836,1006.0,2000,1,2026-05-11 12:29:43.599823,,new
34,SENSOR-A101-01,1,daily_noise,high,6.0,0.74,0,1,no_pattern,82.27539,82.27539,8.0,2000,1,2026-05-11 12:29:46.208378,,new
35,SENSOR-A101-01,1,daily_noise,medium,3.0,0.74,0,1,no_pattern,56.39648,56.39648,8.0,2000,1,2026-05-11 12:29:48.873842,,new
36,SENSOR-A101-01,1,daily_noise,medium,5.0,0.74,0,1,no_pattern,62.74414,62.74414,7.0,2000,1,2026-05-11 12:29:51.864450,,new
37,SENSOR-A101-01,1,daily_noise,high,6.0,0.74,0,1,no_pattern,112.793,112.793,7.0,2000,1,2026-05-11 12:29:57.065826,,new
38,SENSOR-A101-01,1,daily_noise,medium,3.0,0.74,0,1,no_pattern,56.64063,56.64063,11.0,2000,1,2026-05-11 12:30:00.135323,,new
39,SENSOR-A101-01,1,repeated_vibration,critical,9.0,0.82,0,1,no_pattern,63.96484,63.96484,1007.0,2000,1,2026-05-11 12:30:03.206453,,new
40,SENSOR-A101-01,1,daily_noise,medium,5.0,0.74,0,1,no_pattern,59.81445,59.81445,8.0,2000,1,2026-05-11 12:30:06.078361,,new
41,SENSOR-A101-01,1,daily_noise,medium,3.0,0.74,0,1,no_pattern,56.15234,56.15234,7.0,2000,1,2026-05-11 12:30:08.765249,,new
42,SENSOR-A101-01,1,daily_noise,medium,5.0,0.74,0,1,no_pattern,60.30273,60.30273,7.0,2000,1,2026-05-11 12:30:11.399509,,new
43,SENSOR-A101-01,1,repeated_vibration,high,7.0,0.82,0,1,no_pattern,53.4668,53.4668,1005.0,2000,1,2026-05-11 12:30:14.106985,,new
44,SENSOR-A101-01,1,daily_noise,medium,5.0,0.74,0,1,no_pattern,63.96484,63.96484,8.0,2000,1,2026-05-11 12:30:17.079807,,new
45,SENSOR-A101-01,1,repeated_vibration,high,7.0,0.82,0,1,no_pattern,46.63086,46.63086,1006.0,2000,1,2026-05-11 12:30:19.698332,,new
46,SENSOR-A101-01,1,daily_noise,medium,3.0,0.74,0,1,no_pattern,56.39648,56.39648,8.0,2000,1,2026-05-11 12:30:25.623685,,new
47,SENSOR-A101-01,1,daily_noise,high,6.0,0.74,0,1,no_pattern,71.77734,71.77734,8.0,2000,1,2026-05-11 12:30:29.261774,,new
48,SENSOR-A101-01,1,repeated_vibration,high,7.0,0.82,0,1,no_pattern,56.39648,56.39648,1006.0,2000,1,2026-05-11 12:30:32.368385,,new
49,SENSOR-A101-01,1,daily_noise,high,6.0,0.74,0,1,no_pattern,73.97461,73.97461,8.0,2000,1,2026-05-11 12:30:39.095347,,new
50,SENSOR-A101-01,1,repeated_vibration,high,6.0,0.82,0,1,no_pattern,40.03906,40.03906,1006.0,2000,1,2026-05-11 12:30:43.311393,,new
51,SENSOR-A101-01,1,daily_noise,high,6.0,0.74,0,1,no_pattern,66.65039,66.65039,8.0,2000,1,2026-05-11 12:30:46.459577,,new
52,SENSOR-A101-01,1,daily_noise,high,6.0,0.74,0,1,no_pattern,72.50977,72.50977,8.0,2000,1,2026-05-11 12:30:49.498568,,new
53,SENSOR-A101-01,1,daily_noise,medium,5.0,0.74,0,1,no_pattern,64.94141,64.94141,8.0,2000,1,2026-05-11 12:30:52.154393,,new
54,SENSOR-A101-01,1,repeated_vibration,high,6.0,0.82,0,1,no_pattern,44.67773,44.67773,1006.0,2000,1,2026-05-11 12:30:54.819425,,new
55,SENSOR-A101-01,1,daily_noise,high,6.0,0.74,0,1,no_pattern,98.63281,98.63281,8.0,2000,1,2026-05-11 12:30:57.485565,,new
56,SENSOR-A101-01,1,daily_noise,high,6.0,0.74,0,1,no_pattern,118.8965,118.8965,7.0,2000,1,2026-05-11 12:31:00.128353,,new
57,SENSOR-A101-01,1,daily_noise,high,6.0,0.74,0,1,no_pattern,72.50977,72.50977,8.0,2000,1,2026-05-11 12:31:03.011471,,new
58,SENSOR-A101-01,1,repeated_vibration,high,7.0,0.82,0,1,no_pattern,45.89844,45.89844,1007.0,2000,1,2026-05-11 12:31:08.596431,,new
59,SENSOR-A101-01,1,repeated_vibration,high,6.0,0.82,0,1,no_pattern,39.79492,39.79492,1006.0,2000,1,2026-05-11 12:31:11.406224,,new
60,SENSOR-A101-01,1,repeated_vibration,high,6.0,0.82,0,1,no_pattern,39.79492,39.79492,1006.0,2000,1,2026-05-11 12:31:16.121179,,new
61,SENSOR-A101-01,1,daily_noise,medium,5.0,0.74,0,1,no_pattern,60.30273,60.30273,8.0,2000,1,2026-05-11 12:31:18.882173,,new
62,SENSOR-A101-01,1,daily_noise,medium,5.0,0.74,0,1,no_pattern,63.23242,63.23242,8.0,2000,1,2026-05-11 12:31:24.102087,,new
63,SENSOR-A101-01,1,daily_noise,medium,3.0,0.74,0,1,no_pattern,47.60742,47.60742,7.0,2000,1,2026-05-11 12:31:26.768276,,new
64,SENSOR-A101-01,1,repeated_vibration,critical,10.0,0.82,0,1,no_pattern,66.65039,66.65039,1006.0,2000,1,2026-05-11 12:31:29.632355,,new
65,SENSOR-A101-01,1,daily_noise,medium,3.0,0.74,0,1,no_pattern,46.38672,46.38672,8.0,2000,1,2026-05-11 12:31:32.295279,,new
66,SENSOR-A101-01,1,repeated_vibration,high,7.0,0.82,0,1,no_pattern,46.63086,46.63086,1006.0,2000,1,2026-05-11 12:31:35.173042,,new
67,SENSOR-A101-01,1,daily_noise,high,6.0,0.74,0,1,no_pattern,67.38281,67.38281,8.0,2000,1,2026-05-11 12:31:38.037877,,new
68,SENSOR-A101-01,1,daily_noise,medium,4.0,0.74,0,1,no_pattern,57.12891,57.12891,8.0,2000,1,2026-05-11 12:31:40.694307,,new
69,SENSOR-A101-01,1,daily_noise,high,6.0,0.74,0,1,no_pattern,93.26172,93.26172,8.0,2000,1,2026-05-11 12:31:46.229204,,new
70,SENSOR-A101-01,1,daily_noise,medium,3.0,0.74,0,1,no_pattern,45.89844,45.89844,8.0,2000,1,2026-05-11 12:31:48.990124,,new
71,SENSOR-A101-01,1,daily_noise,high,6.0,0.74,0,1,no_pattern,65.67383,65.67383,8.0,2000,1,2026-05-11 12:31:51.648771,,new
72,SENSOR-A101-01,1,daily_noise,medium,3.0,0.74,0,1,no_pattern,49.31641,49.31641,8.0,2000,1,2026-05-11 12:31:54.425470,,new
73,SENSOR-A101-01,1,daily_noise,medium,3.0,0.74,0,1,no_pattern,55.41992,55.41992,8.0,2000,1,2026-05-11 12:31:57.080898,,new
74,SENSOR-A101-01,1,daily_noise,medium,5.0,0.74,0,1,no_pattern,64.20898,64.20898,8.0,2000,1,2026-05-11 12:31:59.843797,,new
75,SENSOR-A101-01,1,daily_noise,high,6.0,0.74,0,1,no_pattern,73.48633,73.48633,8.0,2000,1,2026-05-11 12:32:02.619950,,new
76,SENSOR-A101-01,1,daily_noise,medium,3.0,0.74,0,1,no_pattern,48.33984,48.33984,8.0,2000,1,2026-05-11 12:32:10.196675,,new
77,SENSOR-A101-01,1,daily_noise,medium,5.0,0.74,0,1,no_pattern,61.2793,61.2793,8.0,2000,1,2026-05-11 12:32:12.955181,,new
78,SENSOR-A101-01,1,repeated_vibration,critical,9.0,0.82,0,1,no_pattern,59.08203,59.08203,1006.0,2000,1,2026-05-11 12:32:15.714836,,new
79,SENSOR-A101-01,1,daily_noise,high,6.0,0.74,0,1,no_pattern,118.4082,118.4082,8.0,2000,1,2026-05-11 12:32:18.376632,,new
80,SENSOR-A101-01,1,daily_noise,medium,3.0,0.74,0,1,no_pattern,53.4668,53.4668,8.0,2000,1,2026-05-11 12:32:21.049274,,new
81,SENSOR-A101-01,1,daily_noise,high,6.0,0.74,0,1,no_pattern,78.85742,78.85742,8.0,2000,1,2026-05-11 12:32:23.704688,,new
82,SENSOR-A101-01,1,daily_noise,medium,3.0,0.74,0,1,no_pattern,48.82813,48.82813,9.0,2000,1,2026-05-11 12:32:26.470350,,new
83,SENSOR-A101-01,1,repeated_vibration,critical,10.0,0.82,0,1,no_pattern,77.88086,77.88086,1006.0,2000,1,2026-05-11 12:32:29.229384,,new
84,SENSOR-A101-01,1,daily_noise,medium,5.0,0.74,0,1,no_pattern,63.96484,63.96484,7.0,2000,1,2026-05-11 12:32:32.099829,,new
85,SENSOR-A101-01,1,daily_noise,high,6.0,0.74,0,1,no_pattern,91.55273,91.55273,7.0,2000,1,2026-05-11 12:32:34.865590,,new
86,SENSOR-A101-01,1,daily_noise,high,6.0,0.74,0,1,no_pattern,73.24219,73.24219,8.0,2000,1,2026-05-11 12:32:37.632615,,new
87,SENSOR-A101-01,1,daily_noise,medium,3.0,0.74,0,1,no_pattern,51.75781,51.75781,8.0,2000,1,2026-05-11 12:32:40.392963,,new
88,SENSOR-A101-01,1,daily_noise,medium,3.0,0.74,0,1,no_pattern,54.93164,54.93164,8.0,2000,1,2026-05-11 12:32:43.363673,,new
89,SENSOR-A101-01,1,repeated_vibration,high,6.0,0.82,0,1,no_pattern,41.01563,41.01563,1006.0,2000,1,2026-05-11 12:32:46.232624,,new
90,SENSOR-A101-01,1,daily_noise,medium,5.0,0.74,0,1,no_pattern,63.23242,63.23242,7.0,2000,1,2026-05-11 12:32:49.003683,,new
91,SENSOR-A101-01,1,repeated_vibration,high,6.0,0.82,0,1,no_pattern,41.50391,41.50391,1006.0,2000,1,2026-05-11 12:32:51.760291,,new
92,SENSOR-A101-01,1,daily_noise,medium,3.0,0.74,0,1,no_pattern,53.4668,53.4668,7.0,2000,1,2026-05-11 12:32:54.530642,,new
93,SENSOR-A101-01,1,daily_noise,high,6.0,0.74,0,1,no_pattern,71.77734,71.77734,7.0,2000,1,2026-05-11 12:32:57.296904,,new
94,SENSOR-A101-01,1,daily_noise,medium,3.0,0.74,0,1,no_pattern,52.97852,52.97852,8.0,2000,1,2026-05-11 12:33:03.236821,,new
95,SENSOR-A101-01,1,repeated_vibration,critical,10.0,0.82,0,1,no_pattern,66.40625,66.40625,1006.0,2000,1,2026-05-11 12:33:08.964371,,new
96,SENSOR-A101-01,1,repeated_vibration,critical,10.0,0.82,0,1,no_pattern,78.125,78.125,1007.0,2000,1,2026-05-11 12:33:11.727988,,new
97,SENSOR-A101-01,1,daily_noise,medium,3.0,0.74,0,1,no_pattern,46.63086,46.63086,7.0,2000,1,2026-05-11 12:33:14.497285,,new
98,SENSOR-A101-01,1,daily_noise,high,6.0,0.74,0,1,no_pattern,68.35938,68.35938,8.0,2000,1,2026-05-11 12:33:22.175543,,new
99,SENSOR-A101-01,1,repeated_vibration,high,7.0,0.82,0,1,no_pattern,46.875,46.875,1006.0,2000,1,2026-05-11 12:33:25.038791,,new
100,SENSOR-A101-01,1,repeated_vibration,critical,9.0,0.82,0,1,no_pattern,64.94141,64.94141,1007.0,2000,1,2026-05-11 12:33:27.812806,,new
101,SENSOR-A101-01,1,repeated_vibration,critical,10.0,0.82,0,1,no_pattern,66.40625,66.40625,1007.0,2000,1,2026-05-11 12:33:30.671819,,new
102,SENSOR-A101-01,1,repeated_vibration,critical,10.0,0.82,0,1,no_pattern,70.80078,70.80078,1007.0,2000,1,2026-05-11 12:33:35.963449,,new
103,SENSOR-A101-01,1,repeated_vibration,critical,10.0,0.82,0,1,no_pattern,102.2949,102.2949,1007.0,2000,1,2026-05-11 12:33:38.659932,,new
104,SENSOR-A101-01,1,daily_noise,high,6.0,0.74,0,1,no_pattern,94.9707,94.9707,8.0,2000,1,2026-05-11 12:33:41.527344,,new
105,SENSOR-A101-01,1,daily_noise,medium,5.0,0.74,0,1,no_pattern,62.01172,62.01172,8.0,2000,1,2026-05-11 12:33:44.192408,,new
106,SENSOR-A101-01,1,daily_noise,medium,3.0,0.74,0,1,no_pattern,49.31641,49.31641,8.0,2000,1,2026-05-11 12:33:46.954603,,new
107,SENSOR-A101-01,1,repeated_vibration,high,7.0,0.82,0,1,no_pattern,48.82813,48.82813,1006.0,2000,1,2026-05-11 12:33:50.129417,,new
108,SENSOR-A101-01,1,repeated_vibration,critical,9.0,0.82,0,1,no_pattern,62.5,62.5,1006.0,2000,1,2026-05-11 12:33:52.792942,,new
109,SENSOR-A101-01,1,daily_noise,medium,3.0,0.74,0,1,no_pattern,47.11914,47.11914,8.0,2000,1,2026-05-11 12:34:06.516815,,new
110,SENSOR-A101-01,1,daily_noise,high,6.0,0.74,0,1,no_pattern,90.82031,90.82031,9.0,2000,1,2026-05-11 12:34:19.927559,,new
111,SENSOR-A101-01,1,daily_noise,high,6.0,0.74,0,1,no_pattern,84.22852,84.22852,8.0,2000,1,2026-05-11 12:34:22.701351,,new
112,SENSOR-A101-01,1,repeated_vibration,critical,10.0,0.82,0,1,no_pattern,82.51953,82.51953,1006.0,2000,1,2026-05-11 12:34:25.660071,,new
113,SENSOR-A101-01,1,repeated_vibration,critical,10.0,0.82,0,1,no_pattern,69.58008,69.58008,1008.0,2000,1,2026-05-11 12:34:28.531195,,new
114,SENSOR-A101-01,1,daily_noise,medium,3.0,0.74,0,1,no_pattern,51.02539,51.02539,7.0,2000,1,2026-05-11 12:34:31.395786,,new
115,SENSOR-A101-01,1,daily_noise,medium,3.0,0.74,0,1,no_pattern,52.73438,52.73438,7.0,2000,1,2026-05-11 12:34:34.159239,,new
116,SENSOR-A101-01,1,repeated_vibration,critical,10.0,0.82,0,1,no_pattern,90.33203,90.33203,1007.0,2000,1,2026-05-11 12:34:36.924582,,new
117,SENSOR-A101-01,1,daily_noise,high,6.0,0.74,0,1,no_pattern,74.21875,74.21875,8.0,2000,1,2026-05-11 12:34:39.589228,,new
118,SENSOR-A101-01,1,daily_noise,medium,3.0,0.74,0,1,no_pattern,46.14258,46.14258,7.0,2000,1,2026-05-11 12:34:42.249095,,new
119,SENSOR-A101-01,1,daily_noise,medium,5.0,0.74,0,1,no_pattern,61.76758,61.76758,7.0,2000,1,2026-05-11 12:34:45.019121,,new
120,SENSOR-A101-01,1,repeated_vibration,high,6.0,0.82,0,1,no_pattern,44.67773,44.67773,1006.0,2000,1,2026-05-11 12:34:47.816892,,new
121,SENSOR-A101-01,1,daily_noise,medium,3.0,0.74,0,1,no_pattern,51.02539,51.02539,8.0,2000,1,2026-05-11 12:34:50.645494,,new
122,SENSOR-A101-01,1,daily_noise,medium,5.0,0.74,0,1,no_pattern,62.25586,62.25586,8.0,2000,1,2026-05-11 12:34:53.315838,,new
123,SENSOR-A101-01,1,daily_noise,medium,5.0,0.74,0,1,no_pattern,61.03516,61.03516,8.0,2000,1,2026-05-11 12:35:01.922007,,new
124,SENSOR-A101-01,1,daily_noise,medium,4.0,0.74,0,1,no_pattern,58.83789,58.83789,8.0,2000,1,2026-05-11 12:35:04.989216,,new
125,SENSOR-A101-01,1,daily_noise,high,6.0,0.74,0,1,no_pattern,65.18555,65.18555,8.0,2000,1,2026-05-11 12:35:07.859204,,new
126,SENSOR-A101-01,1,repeated_vibration,high,8.0,0.82,0,1,no_pattern,58.10547,58.10547,1005.0,2000,1,2026-05-11 12:35:10.717527,,new
127,SENSOR-A101-01,1,daily_noise,high,6.0,0.74,0,1,no_pattern,71.5332,71.5332,8.0,2000,1,2026-05-11 12:35:13.516975,,new
128,SENSOR-A101-01,1,daily_noise,high,6.0,0.74,0,1,no_pattern,66.65039,66.65039,8.0,2000,1,2026-05-11 12:35:21.779023,,new
129,SENSOR-A101-01,1,daily_noise,medium,3.0,0.74,0,1,no_pattern,55.41992,55.41992,8.0,2000,1,2026-05-11 12:35:24.683153,,new
130,SENSOR-A101-01,1,daily_noise,medium,3.0,0.74,0,1,no_pattern,46.63086,46.63086,8.0,2000,1,2026-05-11 12:35:32.633841,,new
131,SENSOR-A101-01,1,daily_noise,high,6.0,0.74,0,1,no_pattern,84.7168,84.7168,8.0,2000,1,2026-05-11 12:35:45.837858,,new
132,SENSOR-A101-01,1,repeated_vibration,critical,9.0,0.82,0,1,no_pattern,59.08203,59.08203,1007.0,2000,1,2026-05-11 12:35:48.833965,,new
133,SENSOR-A101-01,1,repeated_vibration,high,6.0,0.82,0,1,no_pattern,39.79492,39.79492,1005.0,2000,1,2026-05-11 12:35:51.675161,,new
134,SENSOR-A101-01,1,repeated_vibration,high,6.0,0.82,0,1,no_pattern,39.0625,39.0625,1005.0,2000,1,2026-05-11 12:36:04.789542,,new
135,SENSOR-A101-01,1,daily_noise,medium,3.0,0.74,0,1,no_pattern,47.36328,47.36328,8.0,2000,1,2026-05-11 12:36:12.976428,,new
136,SENSOR-A101-01,1,repeated_vibration,critical,9.0,0.82,0,1,no_pattern,59.32617,59.32617,1006.0,2000,1,2026-05-11 12:36:15.850636,,new
137,SENSOR-A101-01,1,daily_noise,medium,3.0,0.74,0,1,no_pattern,53.4668,53.4668,8.0,2000,1,2026-05-11 12:36:21.378134,,new
138,SENSOR-A101-01,1,daily_noise,medium,5.0,0.74,0,1,no_pattern,64.45313,64.45313,8.0,2000,1,2026-05-11 12:36:24.454774,,new
139,SENSOR-A101-01,1,repeated_vibration,high,6.0,0.82,0,1,no_pattern,40.03906,40.03906,1006.0,2000,1,2026-05-11 12:36:27.319387,,new
140,SENSOR-A101-01,1,repeated_vibration,critical,10.0,0.82,0,1,no_pattern,90.33203,90.33203,1005.0,2000,1,2026-05-11 12:36:35.506521,,new
141,SENSOR-A101-01,1,daily_noise,medium,3.0,0.74,0,1,no_pattern,54.93164,54.93164,8.0,2000,1,2026-05-11 12:36:39.296713,,new
142,SENSOR-A101-01,1,daily_noise,medium,4.0,0.74,0,1,no_pattern,57.86133,57.86133,8.0,2000,1,2026-05-11 12:36:42.087330,,new
143,SENSOR-A101-01,1,daily_noise,medium,3.0,0.74,0,1,no_pattern,56.39648,56.39648,8.0,2000,1,2026-05-11 12:36:45.131742,,new
144,SENSOR-A101-01,1,daily_noise,medium,3.0,0.74,0,1,no_pattern,45.16602,45.16602,8.0,2000,1,2026-05-11 12:36:47.997489,,new
145,SENSOR-A101-01,1,repeated_vibration,critical,10.0,0.82,0,1,no_pattern,83.25195,83.25195,1007.0,2000,1,2026-05-11 12:36:51.072076,,new
146,SENSOR-A101-01,1,daily_noise,medium,3.0,0.74,0,1,no_pattern,50.29297,50.29297,7.0,2000,1,2026-05-11 12:36:53.936607,,new
147,SENSOR-A101-01,1,repeated_vibration,high,7.0,0.82,0,1,no_pattern,49.80469,49.80469,1006.0,2000,1,2026-05-11 12:36:56.811450,,new
148,SENSOR-A101-01,1,daily_noise,medium,3.0,0.74,0,1,no_pattern,51.26953,51.26953,7.0,2000,1,2026-05-11 12:37:07.352225,,new
149,SENSOR-A101-01,1,repeated_vibration,high,7.0,0.82,0,1,no_pattern,45.6543,45.6543,1007.0,2000,1,2026-05-11 12:37:10.116329,,new
150,SENSOR-A101-01,1,repeated_vibration,high,6.0,0.82,0,1,no_pattern,40.03906,40.03906,1006.0,2000,1,2026-05-11 12:37:12.991159,,new
151,SENSOR-A101-01,1,repeated_vibration,high,7.0,0.82,0,1,no_pattern,49.07227,49.07227,1005.0,2000,1,2026-05-11 12:37:15.849352,,new
152,SENSOR-A101-01,1,daily_noise,medium,3.0,0.74,0,1,no_pattern,53.95508,53.95508,7.0,2000,1,2026-05-11 12:37:21.174268,,new
153,SENSOR-A101-01,1,daily_noise,medium,3.0,0.74,0,1,no_pattern,56.15234,56.15234,7.0,2000,1,2026-05-11 12:37:24.350422,,new
154,SENSOR-A101-01,1,daily_noise,medium,5.0,0.74,0,1,no_pattern,63.23242,63.23242,7.0,2000,1,2026-05-11 12:37:32.445983,,new
155,SENSOR-A101-01,1,daily_noise,high,6.0,0.74,0,1,no_pattern,66.89453,66.89453,7.0,2000,1,2026-05-11 12:37:35.306396,,new
156,SENSOR-A101-01,1,daily_noise,medium,5.0,0.74,0,1,no_pattern,62.5,62.5,8.0,2000,1,2026-05-11 12:37:38.285793,,new
157,SENSOR-A101-01,1,daily_noise,medium,3.0,0.74,0,1,no_pattern,53.95508,53.95508,8.0,2000,1,2026-05-11 12:37:46.675294,,new
158,SENSOR-A101-01,1,daily_noise,medium,3.0,0.74,0,1,no_pattern,46.14258,46.14258,8.0,2000,1,2026-05-11 12:37:49.539235,,new
159,SENSOR-A101-01,1,daily_noise,medium,3.0,0.74,0,1,no_pattern,55.17578,55.17578,7.0,2000,1,2026-05-11 12:37:57.734375,,new
160,SENSOR-A101-01,1,daily_noise,medium,3.0,0.74,0,1,no_pattern,52.24609,52.24609,8.0,2000,1,2026-05-11 12:38:00.702250,,new
161,SENSOR-A101-01,1,daily_noise,medium,4.0,0.74,0,1,no_pattern,58.10547,58.10547,7.0,2000,1,2026-05-11 12:38:03.469036,,new
162,SENSOR-A101-01,1,daily_noise,medium,3.0,0.74,0,1,no_pattern,46.14258,46.14258,8.0,2000,1,2026-05-11 12:38:06.339547,,new
163,SENSOR-A101-01,1,repeated_vibration,high,7.0,0.82,0,1,no_pattern,47.60742,47.60742,1004.0,2000,1,2026-05-11 12:38:09.198092,,new
164,SENSOR-A101-01,1,repeated_vibration,critical,10.0,0.82,0,1,no_pattern,81.54297,81.54297,1006.0,2000,1,2026-05-11 12:38:12.272041,,new
165,SENSOR-A101-01,1,daily_noise,medium,4.0,0.74,0,1,no_pattern,58.34961,58.34961,8.0,2000,1,2026-05-11 12:38:15.248886,,new
166,SENSOR-A101-01,1,daily_noise,medium,3.0,0.74,0,1,no_pattern,53.71094,53.71094,7.0,2000,1,2026-05-11 12:38:18.260107,,new
167,SENSOR-A101-01,1,daily_noise,high,6.0,0.74,0,1,no_pattern,71.04492,71.04492,8.0,2000,1,2026-05-11 12:38:20.978248,,new
168,SENSOR-A101-01,1,daily_noise,high,6.0,0.74,0,1,no_pattern,71.5332,71.5332,8.0,2000,1,2026-05-11 12:38:23.945093,,new
169,SENSOR-A101-01,1,repeated_vibration,critical,10.0,0.82,0,1,no_pattern,89.84375,89.84375,1007.0,2000,1,2026-05-11 12:38:26.918978,,new
170,SENSOR-A101-01,1,daily_noise,medium,3.0,0.74,0,1,no_pattern,54.44336,54.44336,7.0,2000,1,2026-05-11 12:38:29.581243,,new
171,SENSOR-A101-01,1,repeated_vibration,high,7.0,0.82,0,1,no_pattern,48.58398,48.58398,1007.0,2000,1,2026-05-11 12:38:32.487915,,new
172,SENSOR-A101-01,1,repeated_vibration,critical,10.0,0.82,0,1,no_pattern,65.42969,65.42969,1006.0,2000,1,2026-05-11 12:38:35.328750,,new
173,SENSOR-A101-01,1,daily_noise,high,6.0,0.74,0,1,no_pattern,70.55664,70.55664,8.0,2000,1,2026-05-11 12:38:44.530053,,new
174,SENSOR-A101-01,1,repeated_vibration,high,6.0,0.82,0,1,no_pattern,39.79492,39.79492,1007.0,2000,1,2026-05-11 12:38:47.807061,,new
175,SENSOR-A101-01,1,daily_noise,high,6.0,0.74,0,1,no_pattern,66.89453,66.89453,8.0,2000,1,2026-05-11 12:38:50.776019,,new
176,SENSOR-A101-01,1,daily_noise,medium,3.0,0.74,0,1,no_pattern,50.29297,50.29297,8.0,2000,1,2026-05-11 12:38:53.745648,,new
177,SENSOR-A101-01,1,daily_noise,medium,5.0,0.74,0,1,no_pattern,60.30273,60.30273,8.0,2000,1,2026-05-11 12:38:56.818157,,new
178,SENSOR-A101-01,1,repeated_vibration,high,6.0,0.82,0,1,no_pattern,43.94531,43.94531,1004.0,2000,1,2026-05-11 12:38:59.696105,,new
179,SENSOR-A101-01,1,daily_noise,medium,5.0,0.74,0,1,no_pattern,63.96484,63.96484,7.0,2000,1,2026-05-11 12:39:07.882775,,new
180,SENSOR-A101-01,1,repeated_vibration,high,7.0,0.82,0,1,no_pattern,54.6875,54.6875,1007.0,2000,1,2026-05-11 12:39:10.747772,,new
181,SENSOR-A101-01,1,repeated_vibration,high,7.0,0.82,0,1,no_pattern,50.53711,50.53711,1007.0,2000,1,2026-05-11 12:39:13.616749,,new
182,SENSOR-A101-01,1,daily_noise,high,6.0,0.74,0,1,no_pattern,69.0918,69.0918,8.0,2000,1,2026-05-11 12:39:16.482780,,new
183,SENSOR-A101-01,1,daily_noise,medium,3.0,0.74,0,1,no_pattern,47.60742,47.60742,9.0,2000,1,2026-05-11 12:39:19.451716,,new
184,SENSOR-A101-01,1,repeated_vibration,high,6.0,0.82,0,1,no_pattern,39.0625,39.0625,1007.0,2000,1,2026-05-11 12:39:22.110739,,new
185,SENSOR-A101-01,1,daily_noise,medium,3.0,0.74,0,1,no_pattern,54.93164,54.93164,8.0,2000,1,2026-05-11 12:39:27.559607,,new
186,SENSOR-A101-01,1,repeated_vibration,high,7.0,0.82,0,1,no_pattern,51.51367,51.51367,1005.0,2000,1,2026-05-11 12:39:34.096570,,new
187,SENSOR-A101-01,1,daily_noise,medium,3.0,0.74,0,1,no_pattern,46.14258,46.14258,9.0,2000,1,2026-05-11 12:39:36.965748,,new
188,SENSOR-A101-01,1,repeated_vibration,high,7.0,0.82,0,1,no_pattern,49.80469,49.80469,1006.0,2000,1,2026-05-11 12:39:39.825552,,new
189,SENSOR-A101-01,1,daily_noise,medium,3.0,0.74,0,1,no_pattern,51.02539,51.02539,7.0,2000,1,2026-05-11 12:39:42.490360,,new
190,SENSOR-A101-01,1,daily_noise,high,6.0,0.74,0,1,no_pattern,118.8965,118.8965,8.0,2000,1,2026-05-11 12:39:45.352686,,new
191,SENSOR-A101-01,1,daily_noise,medium,5.0,0.74,0,1,no_pattern,61.76758,61.76758,8.0,2000,1,2026-05-11 12:39:48.020079,,new
192,SENSOR-A101-01,1,daily_noise,medium,5.0,0.74,0,1,no_pattern,62.98828,62.98828,7.0,2000,1,2026-05-11 12:39:53.448833,,new
193,SENSOR-A101-01,1,daily_noise,medium,3.0,0.74,0,1,no_pattern,48.82813,48.82813,8.0,2000,1,2026-05-11 12:39:56.207699,,new
194,SENSOR-A101-01,1,daily_noise,medium,3.0,0.74,0,1,no_pattern,45.16602,45.16602,7.0,2000,1,2026-05-11 12:40:01.951892,,new
195,SENSOR-A101-01,1,repeated_vibration,high,6.0,0.82,0,1,no_pattern,39.0625,39.0625,1006.0,2000,1,2026-05-11 12:40:04.811749,,new
196,SENSOR-A101-01,1,daily_noise,medium,5.0,0.74,0,1,no_pattern,62.74414,62.74414,7.0,2000,1,2026-05-11 12:40:09.946399,,new
197,SENSOR-A101-01,1,daily_noise,medium,5.0,0.74,0,1,no_pattern,62.74414,62.74414,9.0,2000,1,2026-05-11 12:40:15.258758,,new
198,SENSOR-A101-01,1,daily_noise,medium,3.0,0.74,0,1,no_pattern,48.0957,48.0957,7.0,2000,1,2026-05-11 12:40:18.229831,,new
199,SENSOR-A101-01,1,daily_noise,high,6.0,0.74,0,1,no_pattern,113.0371,113.0371,8.0,2000,1,2026-05-11 12:40:26.326609,,new
200,SENSOR-A101-01,1,daily_noise,high,6.0,0.74,0,1,no_pattern,90.82031,90.82031,8.0,2000,1,2026-05-11 12:40:28.983733,,new
201,SENSOR-A101-01,1,repeated_vibration,high,6.0,0.82,0,1,no_pattern,44.67773,44.67773,1007.0,2000,1,2026-05-11 12:40:31.845684,,new
202,SENSOR-A101-01,1,repeated_vibration,critical,9.0,0.82,0,1,no_pattern,61.03516,61.03516,1006.0,2000,1,2026-05-11 12:40:34.719576,,new
203,SENSOR-A101-01,1,repeated_vibration,critical,10.0,0.82,0,1,no_pattern,89.59961,89.59961,1006.0,2000,1,2026-05-11 12:40:37.583586,,new
204,SENSOR-A101-01,1,daily_noise,high,6.0,0.74,0,1,no_pattern,66.89453,66.89453,8.0,2000,1,2026-05-11 12:40:43.117790,,new
205,SENSOR-A101-01,1,daily_noise,high,6.0,0.74,0,1,no_pattern,67.13867,67.13867,7.0,2000,1,2026-05-11 12:40:45.981606,,new
206,SENSOR-A101-01,1,daily_noise,high,6.0,0.74,0,1,no_pattern,92.77344,92.77344,7.0,2000,1,2026-05-11 12:40:48.639216,,new
207,SENSOR-A101-01,1,daily_noise,medium,5.0,0.74,0,1,no_pattern,62.25586,62.25586,8.0,2000,1,2026-05-11 12:40:51.513936,,new
208,SENSOR-A101-01,1,daily_noise,high,6.0,0.74,0,1,no_pattern,84.7168,84.7168,8.0,2000,1,2026-05-11 12:40:54.377234,,new
209,SENSOR-A101-01,1,daily_noise,high,6.0,0.74,0,1,no_pattern,69.82422,69.82422,8.0,2000,1,2026-05-11 12:40:57.240623,,new
210,SENSOR-A101-01,1,daily_noise,medium,5.0,0.74,0,1,no_pattern,62.01172,62.01172,8.0,2000,1,2026-05-11 12:41:00.109308,,new
211,SENSOR-A101-01,1,daily_noise,high,6.0,0.74,0,1,no_pattern,79.10156,79.10156,7.0,2000,1,2026-05-11 12:41:02.779446,,new
212,SENSOR-A101-01,1,daily_noise,high,6.0,0.74,0,1,no_pattern,76.9043,76.9043,8.0,2000,1,2026-05-11 12:41:05.637635,,new
213,SENSOR-A101-01,1,daily_noise,medium,3.0,0.74,0,1,no_pattern,47.85156,47.85156,7.0,2000,1,2026-05-11 12:41:08.303517,,new
214,SENSOR-A101-01,1,repeated_vibration,high,7.0,0.82,0,1,no_pattern,49.07227,49.07227,1007.0,2000,1,2026-05-11 12:41:11.169597,,new
215,SENSOR-A101-01,1,daily_noise,medium,3.0,0.74,0,1,no_pattern,54.6875,54.6875,8.0,2000,1,2026-05-11 12:41:19.166476,,new
216,SENSOR-A101-01,1,repeated_vibration,high,7.0,0.82,0,1,no_pattern,45.6543,45.6543,1005.0,2000,1,2026-05-11 12:41:22.022045,,new
217,SENSOR-A101-01,1,daily_noise,high,6.0,0.74,0,1,no_pattern,124.0234,124.0234,8.0,2000,1,2026-05-11 12:41:25.106344,,new
218,SENSOR-A101-01,1,daily_noise,medium,5.0,0.74,0,1,no_pattern,64.94141,64.94141,8.0,2000,1,2026-05-11 12:41:27.763212,,new
219,SENSOR-A101-01,1,repeated_vibration,critical,10.0,0.82,0,1,no_pattern,90.33203,90.33203,1006.0,2000,1,2026-05-11 12:41:33.287512,,new
220,SENSOR-A101-01,1,daily_noise,high,6.0,0.74,0,1,no_pattern,65.18555,65.18555,8.0,2000,1,2026-05-11 12:41:38.611366,,new
221,SENSOR-A101-01,1,repeated_vibration,high,6.0,0.82,0,1,no_pattern,39.30664,39.30664,1005.0,2000,1,2026-05-11 12:41:47.009517,,new
222,SENSOR-A101-01,1,daily_noise,medium,3.0,0.74,0,1,no_pattern,47.60742,47.60742,7.0,2000,1,2026-05-11 12:41:52.127403,,new
223,SENSOR-A101-01,1,repeated_vibration,high,7.0,0.82,0,1,no_pattern,51.02539,51.02539,1007.0,2000,1,2026-05-11 12:41:54.999284,,new
224,SENSOR-A101-01,1,daily_noise,medium,3.0,0.74,0,1,no_pattern,55.41992,55.41992,8.0,2000,1,2026-05-11 12:42:00.325602,,new
225,SENSOR-A101-01,1,daily_noise,medium,3.0,0.74,0,1,no_pattern,50.78125,50.78125,8.0,2000,1,2026-05-11 12:42:03.193485,,new
226,SENSOR-A101-01,1,daily_noise,medium,3.0,0.74,0,1,no_pattern,51.51367,51.51367,8.0,2000,1,2026-05-11 12:42:10.761935,,new
227,SENSOR-A101-01,1,daily_noise,medium,3.0,0.74,0,1,no_pattern,55.66406,55.66406,6.0,2000,1,2026-05-11 12:42:13.629942,,new
228,SENSOR-A101-01,1,repeated_vibration,critical,9.0,0.82,0,1,no_pattern,62.01172,62.01172,1005.0,2000,1,2026-05-11 12:42:16.601215,,new
229,SENSOR-A101-01,1,repeated_vibration,high,6.0,0.82,0,1,no_pattern,41.25977,41.25977,1006.0,2000,1,2026-05-11 12:42:25.103163,,new
230,SENSOR-A101-01,1,daily_noise,high,6.0,0.74,0,1,no_pattern,68.35938,68.35938,8.0,2000,1,2026-05-11 12:42:27.972187,,new
231,SENSOR-A101-01,1,daily_noise,medium,3.0,0.74,0,1,no_pattern,50.29297,50.29297,8.0,2000,1,2026-05-11 12:42:30.835861,,new
232,SENSOR-A101-01,1,daily_noise,medium,3.0,0.74,0,1,no_pattern,50.53711,50.53711,7.0,2000,1,2026-05-11 12:42:33.502820,,new
233,SENSOR-A101-01,1,daily_noise,medium,5.0,0.74,0,1,no_pattern,61.52344,61.52344,7.0,2000,1,2026-05-11 12:43:14.050069,,new
234,SENSOR-A101-01,1,repeated_vibration,high,7.0,0.82,0,1,no_pattern,50.04883,50.04883,1007.0,2000,1,2026-05-11 12:43:16.918956,,new
235,SENSOR-A101-01,1,daily_noise,high,6.0,0.74,0,1,no_pattern,92.28516,92.28516,8.0,2000,1,2026-05-11 12:43:19.714253,,new
236,SENSOR-A101-01,1,daily_noise,medium,5.0,0.74,0,1,no_pattern,62.01172,62.01172,8.0,2000,1,2026-05-11 12:43:22.547562,,new
237,SENSOR-A101-01,1,repeated_vibration,critical,9.0,0.82,0,1,no_pattern,59.08203,59.08203,1007.0,2000,1,2026-05-11 12:43:25.516753,,new
238,SENSOR-A101-01,1,daily_noise,medium,3.0,0.74,0,1,no_pattern,56.64063,56.64063,8.0,2000,1,2026-05-11 12:43:28.591536,,new
239,SENSOR-A101-01,1,daily_noise,medium,3.0,0.74,0,1,no_pattern,50.04883,50.04883,8.0,2000,1,2026-05-11 12:43:31.660991,,new
240,SENSOR-A101-01,1,repeated_vibration,critical,10.0,0.82,0,1,no_pattern,72.26563,72.26563,1007.0,2000,1,2026-05-11 12:43:34.527424,,new
241,SENSOR-A101-01,1,daily_noise,medium,5.0,0.74,0,1,no_pattern,60.54688,60.54688,8.0,2000,1,2026-05-11 12:43:37.399628,,new
242,SENSOR-A101-01,1,daily_noise,medium,3.0,0.74,0,1,no_pattern,50.78125,50.78125,8.0,2000,1,2026-05-11 12:43:45.385335,,new
243,SENSOR-A101-01,1,daily_noise,high,6.0,0.74,0,1,no_pattern,67.13867,67.13867,8.0,2000,1,2026-05-11 12:43:50.914556,,new
244,SENSOR-A101-01,1,daily_noise,medium,4.0,0.74,0,1,no_pattern,57.61719,57.61719,8.0,2000,1,2026-05-11 12:43:53.779452,,new
245,SENSOR-A101-01,1,daily_noise,medium,4.0,0.74,0,1,no_pattern,58.83789,58.83789,8.0,2000,1,2026-05-11 12:43:57.055283,,new
246,SENSOR-A101-01,1,daily_noise,medium,4.0,0.74,0,1,no_pattern,58.10547,58.10547,8.0,2000,1,2026-05-11 12:43:59.924339,,new
247,SENSOR-A101-01,1,repeated_vibration,high,7.0,0.82,0,1,no_pattern,49.07227,49.07227,1007.0,2000,1,2026-05-11 12:44:02.789441,,new
248,SENSOR-A101-01,1,daily_noise,medium,3.0,0.74,0,1,no_pattern,48.0957,48.0957,8.0,2000,1,2026-05-11 12:44:05.656561,,new
249,SENSOR-A101-01,1,daily_noise,medium,5.0,0.74,0,1,no_pattern,62.74414,62.74414,8.0,2000,1,2026-05-11 12:44:08.325359,,new
250,SENSOR-A101-01,1,repeated_vibration,critical,10.0,0.82,0,1,no_pattern,77.63672,77.63672,1006.0,2000,1,2026-05-11 12:44:11.396550,,new
251,SENSOR-A101-01,1,repeated_vibration,high,7.0,0.82,0,1,no_pattern,56.39648,56.39648,1006.0,2000,1,2026-05-11 12:44:14.582232,,new
252,SENSOR-A101-01,1,daily_noise,medium,3.0,0.74,0,1,no_pattern,51.51367,51.51367,8.0,2000,1,2026-05-11 12:44:17.474762,,new
253,SENSOR-A101-01,1,daily_noise,medium,3.0,0.74,0,1,no_pattern,45.16602,45.16602,8.0,2000,1,2026-05-11 12:44:23.482466,,new
254,SENSOR-A101-01,1,daily_noise,medium,3.0,0.74,0,1,no_pattern,52.73438,52.73438,8.0,2000,1,2026-05-11 12:44:26.343990,,new
255,SENSOR-A101-01,1,repeated_vibration,high,7.0,0.82,0,1,no_pattern,55.66406,55.66406,1007.0,2000,1,2026-05-11 12:44:31.872852,,new
256,SENSOR-A101-01,1,repeated_vibration,high,6.0,0.82,0,1,no_pattern,44.67773,44.67773,1006.0,2000,1,2026-05-11 12:44:34.741661,,new
257,SENSOR-A101-01,1,daily_noise,medium,3.0,0.74,0,1,no_pattern,50.78125,50.78125,8.0,2000,1,2026-05-11 12:44:37.811962,,new
258,SENSOR-A101-01,1,daily_noise,medium,3.0,0.74,0,1,no_pattern,46.875,46.875,7.0,2000,1,2026-05-11 12:44:40.689459,,new
259,SENSOR-A101-01,1,daily_noise,high,6.0,0.74,0,1,no_pattern,77.39258,77.39258,8.0,2000,1,2026-05-11 12:44:46.207357,,new
260,SENSOR-A101-01,1,daily_noise,high,6.0,0.74,0,1,no_pattern,66.40625,66.40625,7.0,2000,1,2026-05-11 12:44:49.182524,,new
261,SENSOR-A101-01,1,repeated_vibration,high,6.0,0.82,0,1,no_pattern,44.18945,44.18945,1006.0,2000,1,2026-05-11 12:44:57.374367,,new
262,SENSOR-A101-01,1,daily_noise,high,6.0,0.74,0,1,no_pattern,69.0918,69.0918,7.0,2000,1,2026-05-11 12:50:52.499942,,new
263,SENSOR-A101-01,1,repeated_vibration,high,6.0,0.82,0,1,no_pattern,41.25977,41.25977,1006.0,2000,1,2026-05-11 12:50:55.833897,,new
264,SENSOR-A101-01,1,repeated_vibration,high,6.0,0.82,0,1,no_pattern,41.25977,41.25977,1006.0,2000,1,2026-05-11 12:50:59.052617,,new
265,SENSOR-A101-01,1,daily_noise,medium,4.0,0.74,0,1,no_pattern,57.61719,57.61719,7.0,2000,1,2026-05-11 12:51:02.164463,,new
266,SENSOR-A101-01,1,daily_noise,high,6.0,0.74,0,1,no_pattern,88.86719,88.86719,7.0,2000,1,2026-05-11 12:51:05.193732,,new
267,SENSOR-A101-01,1,repeated_vibration,critical,10.0,0.82,0,1,no_pattern,94.72656,94.72656,1006.0,2000,1,2026-05-11 12:51:08.271414,,new
268,SENSOR-A101-01,1,repeated_vibration,high,6.0,0.82,0,1,no_pattern,41.25977,41.25977,1006.0,2000,1,2026-05-11 12:51:11.233262,,new
269,SENSOR-A101-01,1,repeated_vibration,high,6.0,0.82,0,1,no_pattern,39.0625,39.0625,1005.0,2000,1,2026-05-11 12:51:14.308621,,new
270,SENSOR-A101-01,1,repeated_vibration,critical,10.0,0.82,0,1,no_pattern,124.0234,124.0234,1006.0,2000,1,2026-05-11 12:51:17.302585,,new
271,SENSOR-A101-01,1,repeated_vibration,critical,10.0,0.82,0,1,no_pattern,92.28516,92.28516,1007.0,2000,1,2026-05-11 12:51:20.455479,,new
272,SENSOR-A101-01,1,daily_noise,medium,3.0,0.74,0,1,no_pattern,55.66406,55.66406,7.0,2000,1,2026-05-11 12:51:23.425602,,new
273,SENSOR-A101-01,1,repeated_vibration,critical,10.0,0.82,0,1,no_pattern,102.0508,102.0508,1006.0,2000,1,2026-05-11 12:51:26.494341,,new
274,SENSOR-A101-01,1,repeated_vibration,critical,10.0,0.82,0,1,no_pattern,79.83398,79.83398,1006.0,2000,1,2026-05-11 12:51:29.456166,,new
275,SENSOR-A101-01,1,daily_noise,high,6.0,0.74,0,1,no_pattern,124.7559,124.7559,7.0,2000,1,2026-05-11 12:51:32.432732,,new
276,SENSOR-A101-01,1,daily_noise,high,6.0,0.74,0,1,no_pattern,84.47266,84.47266,7.0,2000,1,2026-05-11 12:51:35.297794,,new
277,SENSOR-A101-01,1,daily_noise,high,6.0,0.74,0,1,no_pattern,73.97461,73.97461,8.0,2000,1,2026-05-11 12:51:38.269754,,new
278,SENSOR-A101-01,1,daily_noise,high,6.0,0.74,0,1,no_pattern,67.13867,67.13867,7.0,2000,1,2026-05-11 12:51:41.238513,,new
279,SENSOR-A101-01,1,repeated_vibration,critical,10.0,0.82,0,1,no_pattern,70.3125,70.3125,1006.0,2000,1,2026-05-11 12:51:44.308404,,new
280,SENSOR-A101-01,1,daily_noise,medium,5.0,0.74,0,1,no_pattern,62.01172,62.01172,8.0,2000,1,2026-05-11 12:51:47.175273,,new
281,SENSOR-A101-01,1,daily_noise,medium,3.0,0.74,0,1,no_pattern,49.07227,49.07227,8.0,2000,1,2026-05-11 12:51:50.254247,,new
282,SENSOR-A101-01,1,daily_noise,high,6.0,0.74,0,1,no_pattern,112.793,112.793,7.0,2000,1,2026-05-11 12:51:53.116037,,new
283,SENSOR-A101-01,1,daily_noise,high,6.0,0.74,0,1,no_pattern,104.248,104.248,8.0,2000,1,2026-05-11 12:51:56.082998,,new
284,SENSOR-A101-01,1,daily_noise,high,6.0,0.74,0,1,no_pattern,108.8867,108.8867,8.0,2000,1,2026-05-11 12:51:58.849822,,new
285,SENSOR-A101-01,1,repeated_vibration,critical,10.0,0.82,0,1,no_pattern,65.91797,65.91797,1006.0,2000,1,2026-05-11 12:52:01.847319,,new
286,SENSOR-A101-01,1,repeated_vibration,high,6.0,0.82,0,1,no_pattern,40.03906,40.03906,1005.0,2000,1,2026-05-11 12:52:07.310679,,new
287,SENSOR-A101-01,1,repeated_vibration,high,7.0,0.82,0,1,no_pattern,51.75781,51.75781,1005.0,2000,1,2026-05-11 12:52:12.572937,,new
288,SENSOR-A101-01,1,daily_noise,medium,3.0,0.74,0,1,no_pattern,54.93164,54.93164,7.0,2000,1,2026-05-11 12:52:15.585452,,new
289,SENSOR-A101-01,1,daily_noise,medium,3.0,0.74,0,1,no_pattern,55.9082,55.9082,8.0,2000,1,2026-05-11 12:52:20.923484,,new
290,SENSOR-A101-01,1,daily_noise,medium,3.0,0.74,0,1,no_pattern,54.19922,54.19922,8.0,2000,1,2026-05-11 12:52:23.832952,,new
291,SENSOR-A101-01,1,repeated_vibration,critical,10.0,0.82,0,1,no_pattern,69.82422,69.82422,1005.0,2000,1,2026-05-11 12:52:27.687997,,new
292,SENSOR-A101-01,1,daily_noise,medium,3.0,0.74,0,1,no_pattern,48.0957,48.0957,8.0,2000,1,2026-05-11 12:52:32.640761,,new
293,SENSOR-A101-01,1,daily_noise,high,6.0,0.74,0,1,no_pattern,124.7559,124.7559,8.0,2000,1,2026-05-11 12:52:38.169698,,new
294,SENSOR-A101-01,1,repeated_vibration,critical,10.0,0.82,0,1,no_pattern,66.40625,66.40625,1006.0,2000,1,2026-05-11 12:52:41.628634,,new
295,SENSOR-A101-01,1,repeated_vibration,critical,10.0,0.82,0,1,no_pattern,82.51953,82.51953,1007.0,2000,1,2026-05-11 12:52:47.016077,,new
296,SENSOR-A101-01,1,daily_noise,medium,4.0,0.74,0,1,no_pattern,57.12891,57.12891,8.0,2000,1,2026-05-11 12:52:50.470028,,new
297,SENSOR-A101-01,1,daily_noise,medium,3.0,0.74,0,1,no_pattern,47.11914,47.11914,7.0,2000,1,2026-05-11 12:52:54.785762,,new
298,SENSOR-A101-01,1,repeated_vibration,critical,9.0,0.82,0,1,no_pattern,63.47656,63.47656,1006.0,2000,1,2026-05-11 12:52:58.660194,,new
299,SENSOR-A101-01,1,daily_noise,high,6.0,0.74,0,1,no_pattern,68.84766,68.84766,8.0,2000,1,2026-05-11 12:53:02.448271,,new
300,SENSOR-A101-01,1,repeated_vibration,high,6.0,0.82,0,1,no_pattern,39.55078,39.55078,1006.0,2000,1,2026-05-11 12:53:06.947185,,new
301,SENSOR-A101-01,1,daily_noise,medium,5.0,0.74,0,1,no_pattern,64.45313,64.45313,8.0,2000,1,2026-05-11 12:53:11.655074,,new
302,SENSOR-A101-01,1,repeated_vibration,critical,10.0,0.82,0,1,no_pattern,92.04102,92.04102,1007.0,2000,1,2026-05-11 12:53:18.652229,,new
303,SENSOR-A101-01,1,repeated_vibration,high,7.0,0.82,0,1,no_pattern,55.17578,55.17578,1007.0,2000,1,2026-05-11 12:53:22.330076,,new
304,SENSOR-A101-01,1,daily_noise,high,6.0,0.74,0,1,no_pattern,83.00781,83.00781,8.0,2000,1,2026-05-11 12:53:25.402971,,new
305,SENSOR-A101-01,1,daily_noise,medium,3.0,0.74,0,1,no_pattern,48.33984,48.33984,8.0,2000,1,2026-05-11 12:53:29.592806,,new
306,SENSOR-A101-01,1,daily_noise,medium,3.0,0.74,0,1,no_pattern,48.0957,48.0957,7.0,2000,1,2026-05-11 12:53:35.283529,,new
307,SENSOR-A101-01,1,repeated_vibration,critical,9.0,0.82,0,1,no_pattern,59.57031,59.57031,1005.0,2000,1,2026-05-11 12:53:38.711246,,new
308,SENSOR-A101-01,1,daily_noise,high,6.0,0.74,0,1,no_pattern,65.67383,65.67383,8.0,2000,1,2026-05-11 12:53:53.596686,,new
309,SENSOR-A101-01,1,repeated_vibration,high,6.0,0.82,0,1,no_pattern,41.25977,41.25977,1006.0,2000,1,2026-05-11 12:54:01.011073,,new
310,SENSOR-A101-01,1,repeated_vibration,high,7.0,0.82,0,1,no_pattern,52.00195,52.00195,1006.0,2000,1,2026-05-11 12:54:06.337739,,new
311,SENSOR-A101-01,1,daily_noise,medium,3.0,0.74,0,1,no_pattern,47.60742,47.60742,8.0,2000,1,2026-05-11 12:54:09.743755,,new
312,SENSOR-A101-01,1,daily_noise,high,6.0,0.74,0,1,no_pattern,91.79688,91.79688,8.0,2000,1,2026-05-11 12:54:14.557577,,new
313,SENSOR-A101-01,1,repeated_vibration,high,8.0,0.82,0,1,no_pattern,58.59375,58.59375,1006.0,2000,1,2026-05-11 12:54:19.300353,,new
314,SENSOR-A101-01,1,daily_noise,medium,4.0,0.74,0,1,no_pattern,58.83789,58.83789,7.0,2000,1,2026-05-11 12:54:24.166347,,new
315,SENSOR-A101-01,1,daily_noise,high,6.0,0.74,0,1,no_pattern,68.35938,68.35938,7.0,2000,1,2026-05-11 12:54:42.583957,,new
316,SENSOR-A101-01,1,daily_noise,medium,3.0,0.74,0,1,no_pattern,52.49023,52.49023,7.0,2000,1,2026-05-11 12:54:46.295530,,new
317,SENSOR-A101-01,1,daily_noise,high,6.0,0.74,0,1,no_pattern,73.24219,73.24219,8.0,2000,1,2026-05-11 12:54:50.155499,,new
318,SENSOR-A101-01,1,daily_noise,medium,3.0,0.74,0,1,no_pattern,49.31641,49.31641,7.0,2000,1,2026-05-11 12:54:52.930378,,new
319,SENSOR-A101-01,1,daily_noise,medium,3.0,0.74,0,1,no_pattern,52.73438,52.73438,7.0,2000,1,2026-05-11 12:54:55.889334,,new
320,SENSOR-A101-01,1,repeated_vibration,critical,10.0,0.82,0,1,no_pattern,83.49609,83.49609,1007.0,2000,1,2026-05-11 12:54:58.961107,,new
321,SENSOR-A101-01,1,repeated_vibration,high,7.0,0.82,0,1,no_pattern,53.95508,53.95508,1007.0,2000,1,2026-05-11 12:55:02.338982,,new
322,SENSOR-A101-01,1,daily_noise,high,6.0,0.74,0,1,no_pattern,73.48633,73.48633,7.0,2000,1,2026-05-11 12:55:05.313577,,new
323,SENSOR-A101-01,1,repeated_vibration,high,6.0,0.82,0,1,no_pattern,39.79492,39.79492,1007.0,2000,1,2026-05-11 12:55:11.657749,,new
324,SENSOR-A101-01,1,repeated_vibration,high,7.0,0.82,0,1,no_pattern,52.73438,52.73438,1006.0,2000,1,2026-05-11 12:55:26.713222,,new
325,SENSOR-A101-01,1,repeated_vibration,high,7.0,0.82,0,1,no_pattern,52.49023,52.49023,1007.0,2000,1,2026-05-11 12:55:29.990571,,new
326,SENSOR-A101-01,1,daily_noise,high,6.0,0.74,0,1,no_pattern,67.87109,67.87109,7.0,2000,1,2026-05-11 12:55:33.062877,,new
327,SENSOR-A101-01,1,repeated_vibration,critical,10.0,0.82,0,1,no_pattern,70.06836,70.06836,1006.0,2000,1,2026-05-11 12:55:35.928339,,new
328,SENSOR-A101-01,1,repeated_vibration,high,7.0,0.82,0,1,no_pattern,57.61719,57.61719,700.0,2000,1,2026-05-11 12:55:38.592338,,new
329,SENSOR-A101-01,1,daily_noise,high,6.0,0.74,0,1,no_pattern,66.89453,66.89453,7.0,2000,1,2026-05-11 12:55:41.252404,,new
330,SENSOR-A101-01,1,repeated_vibration,high,7.0,0.82,0,1,no_pattern,46.875,46.875,1006.0,2000,1,2026-05-11 12:55:44.422327,,new
331,SENSOR-A101-01,1,daily_noise,medium,5.0,0.74,0,1,no_pattern,59.32617,59.32617,7.0,2000,1,2026-05-11 12:55:55.446104,,new
332,SENSOR-A101-01,1,daily_noise,high,6.0,0.74,0,1,no_pattern,78.85742,78.85742,7.0,2000,1,2026-05-11 12:56:00.297069,,new
333,SENSOR-A101-01,1,daily_noise,high,6.0,0.74,0,1,no_pattern,66.65039,66.65039,7.0,2000,1,2026-05-11 12:56:07.264219,,new
334,SENSOR-A101-01,1,daily_noise,medium,3.0,0.74,0,1,no_pattern,53.4668,53.4668,8.0,2000,1,2026-05-11 12:56:18.113935,,new
335,SENSOR-A101-01,1,daily_noise,high,6.0,0.74,0,1,no_pattern,82.27539,82.27539,8.0,2000,1,2026-05-11 12:56:24.891557,,new
336,SENSOR-A101-01,1,repeated_vibration,critical,10.0,0.82,0,1,no_pattern,68.60352,68.60352,1007.0,2000,1,2026-05-11 12:56:28.604983,,new
337,SENSOR-A101-01,1,repeated_vibration,high,6.0,0.82,0,1,no_pattern,39.0625,39.0625,1007.0,2000,1,2026-05-11 12:56:33.576718,,new
338,SENSOR-A101-01,1,daily_noise,high,6.0,0.74,0,1,no_pattern,91.06445,91.06445,8.0,2000,1,2026-05-11 12:56:39.728521,,new
339,SENSOR-A101-01,1,repeated_vibration,high,6.0,0.82,0,1,no_pattern,41.25977,41.25977,1006.0,2000,1,2026-05-11 12:56:46.089300,,new
340,SENSOR-A101-01,1,daily_noise,medium,4.0,0.74,0,1,no_pattern,57.37305,57.37305,8.0,2000,1,2026-05-11 12:56:49.142105,,new
341,SENSOR-A101-01,1,daily_noise,high,6.0,0.74,0,1,no_pattern,70.3125,70.3125,8.0,2000,1,2026-05-11 12:57:15.367193,,new
342,SENSOR-A101-01,1,repeated_vibration,critical,10.0,0.82,0,1,no_pattern,75.92773,75.92773,1006.0,2000,1,2026-05-11 12:57:19.082507,,new
343,SENSOR-A101-01,1,repeated_vibration,critical,9.0,0.82,0,1,no_pattern,75.68359,75.68359,700.0,2000,1,2026-05-11 12:57:23.143543,,new
344,SENSOR-A101-01,1,daily_noise,high,6.0,0.74,0,1,no_pattern,66.16211,66.16211,8.0,2000,1,2026-05-11 12:57:26.456151,,new
345,SENSOR-A101-01,1,repeated_vibration,high,8.0,0.82,0,1,no_pattern,59.57031,59.57031,700.0,2000,1,2026-05-11 12:57:29.697664,,new
346,SENSOR-A101-01,1,daily_noise,medium,4.0,0.74,0,1,no_pattern,57.61719,57.61719,7.0,2000,1,2026-05-11 12:57:32.784374,,new
347,SENSOR-A101-01,1,repeated_vibration,high,6.0,0.82,0,1,no_pattern,48.82813,48.82813,700.0,2000,1,2026-05-11 12:57:38.321839,,new
348,SENSOR-A101-01,1,repeated_vibration,critical,9.0,0.82,0,1,no_pattern,91.30859,91.30859,700.0,2000,1,2026-05-11 12:57:41.460219,,new
349,SENSOR-A101-01,1,repeated_vibration,high,6.0,0.82,0,1,no_pattern,39.0625,39.0625,1005.0,2000,1,2026-05-11 12:57:47.300888,,new
350,SENSOR-A101-01,1,daily_noise,high,6.0,0.74,0,1,no_pattern,113.0371,113.0371,8.0,2000,1,2026-05-11 12:58:01.841411,,new
351,SENSOR-A101-01,1,daily_noise,high,6.0,0.74,0,1,no_pattern,91.30859,91.30859,8.0,2000,1,2026-05-11 12:58:05.524172,,new
352,SENSOR-A101-01,1,daily_noise,medium,5.0,0.74,0,1,no_pattern,64.69727,64.69727,7.0,2000,1,2026-05-11 12:58:16.995642,,new
353,SENSOR-A101-01,1,daily_noise,high,6.0,0.74,0,1,no_pattern,81.54297,81.54297,8.0,2000,1,2026-05-11 12:58:19.869664,,new
354,SENSOR-A101-01,1,daily_noise,high,6.0,0.74,0,1,no_pattern,76.9043,76.9043,9.0,2000,1,2026-05-11 12:58:22.746860,,new
355,SENSOR-A101-01,1,daily_noise,medium,4.0,0.74,0,1,no_pattern,57.86133,57.86133,8.0,2000,1,2026-05-11 12:58:25.825679,,new
356,SENSOR-A101-01,1,daily_noise,high,6.0,0.74,0,1,no_pattern,92.28516,92.28516,8.0,2000,1,2026-05-11 12:58:28.894972,,new
357,SENSOR-A101-01,1,daily_noise,medium,3.0,0.74,0,1,no_pattern,53.95508,53.95508,7.0,2000,1,2026-05-11 12:58:32.257946,,new
358,SENSOR-A101-01,1,daily_noise,medium,3.0,0.74,0,1,no_pattern,48.0957,48.0957,8.0,2000,1,2026-05-11 12:58:35.427457,,new
359,SENSOR-A101-01,1,daily_noise,medium,3.0,0.74,0,1,no_pattern,50.29297,50.29297,8.0,2000,1,2026-05-11 12:58:38.913399,,new
360,SENSOR-A101-01,1,daily_noise,medium,4.0,0.74,0,1,no_pattern,57.61719,57.61719,8.0,2000,1,2026-05-11 12:58:42.079777,,new
361,SENSOR-A101-01,1,daily_noise,medium,3.0,0.74,0,1,no_pattern,54.93164,54.93164,7.0,2000,1,2026-05-11 12:58:45.052762,,new
362,SENSOR-A101-01,1,daily_noise,high,6.0,0.74,0,1,no_pattern,84.47266,84.47266,8.0,2000,1,2026-05-11 12:59:00.826958,,new
363,SENSOR-A101-01,1,daily_noise,high,6.0,0.74,0,1,no_pattern,91.55273,91.55273,8.0,2000,1,2026-05-11 12:59:03.894984,,new
364,SENSOR-A101-01,1,repeated_vibration,high,6.0,0.82,0,1,no_pattern,53.4668,53.4668,700.0,2000,1,2026-05-11 12:59:09.727890,,new
365,SENSOR-A101-01,1,daily_noise,high,6.0,0.74,0,1,no_pattern,84.96094,84.96094,7.0,2000,1,2026-05-11 12:59:13.001926,,new
366,SENSOR-A101-01,1,daily_noise,medium,3.0,0.74,0,1,no_pattern,47.85156,47.85156,7.0,2000,1,2026-05-11 12:59:16.385065,,new
367,SENSOR-A101-01,1,repeated_vibration,high,7.0,0.82,0,1,no_pattern,52.97852,52.97852,1006.0,2000,1,2026-05-11 12:59:32.981309,,new
368,SENSOR-A101-01,1,repeated_vibration,high,6.0,0.82,1,1,no_pattern,55.41992,55.41992,700.0,2000,1,2026-05-11 13:00:00.008011,,new
369,SENSOR-A101-01,1,repeated_vibration,medium,5.0,0.82,1,1,no_pattern,43.70117,43.70117,700.0,2000,1,2026-05-11 13:00:03.078500,,new
370,SENSOR-A101-01,1,repeated_vibration,high,8.0,0.82,1,1,no_pattern,60.54688,60.54688,700.0,2000,1,2026-05-11 13:00:05.945298,,new
371,SENSOR-A101-01,1,repeated_vibration,high,6.0,0.82,1,1,no_pattern,53.22266,53.22266,700.0,2000,1,2026-05-11 13:00:09.024276,,new
372,SENSOR-A101-01,1,repeated_vibration,high,8.0,0.82,1,1,no_pattern,61.03516,61.03516,700.0,2000,1,2026-05-11 13:00:12.192490,,new
373,SENSOR-A101-01,1,daily_noise,medium,3.0,0.74,1,1,no_pattern,47.60742,47.60742,8.0,2000,1,2026-05-11 13:00:14.968219,,new
374,SENSOR-A101-01,1,daily_noise,medium,3.0,0.74,1,1,no_pattern,54.19922,54.19922,8.0,2000,1,2026-05-11 13:00:18.026980,,new
375,SENSOR-A101-01,1,repeated_vibration,high,6.0,0.82,1,1,no_pattern,40.2832,40.2832,1006.0,2000,1,2026-05-11 13:00:40.145975,,new
376,SENSOR-A101-01,1,daily_noise,medium,5.0,0.74,1,1,no_pattern,62.01172,62.01172,8.0,2000,1,2026-05-11 13:00:43.223734,,new
377,SENSOR-A101-01,1,daily_noise,medium,4.0,0.74,1,1,no_pattern,58.34961,58.34961,8.0,2000,1,2026-05-11 13:00:51.820163,,new
378,SENSOR-A101-01,1,repeated_vibration,high,6.0,0.82,1,1,no_pattern,41.25977,41.25977,1006.0,2000,1,2026-05-11 13:00:55.424218,,new
379,SENSOR-A101-01,1,daily_noise,medium,3.0,0.74,1,1,no_pattern,52.49023,52.49023,8.0,2000,1,2026-05-11 13:00:58.169725,,new
380,SENSOR-A101-01,1,daily_noise,medium,4.0,0.74,1,1,no_pattern,57.37305,57.37305,8.0,2000,1,2026-05-11 13:01:01.240258,,new
381,SENSOR-A101-01,1,repeated_vibration,critical,10.0,0.82,1,1,no_pattern,67.13867,67.13867,1007.0,2000,1,2026-05-11 13:01:04.644730,,new
382,SENSOR-A101-01,1,daily_noise,high,6.0,0.74,1,1,no_pattern,90.08789,90.08789,8.0,2000,1,2026-05-11 13:01:07.793468,,new
383,SENSOR-A101-01,1,daily_noise,medium,3.0,0.74,1,1,no_pattern,54.44336,54.44336,8.0,2000,1,2026-05-11 13:01:11.172333,,new
384,SENSOR-A101-01,1,daily_noise,high,6.0,0.74,1,1,no_pattern,68.60352,68.60352,9.0,2000,1,2026-05-11 13:01:14.112393,,new
385,SENSOR-A101-01,1,repeated_vibration,high,6.0,0.82,1,1,no_pattern,39.55078,39.55078,1006.0,2000,1,2026-05-11 13:01:19.974807,,new
386,SENSOR-A101-01,1,repeated_vibration,medium,5.0,0.82,1,1,no_pattern,43.21289,43.21289,700.0,2000,1,2026-05-11 13:01:25.740237,,new
387,SENSOR-A101-01,1,daily_noise,medium,5.0,0.74,1,1,no_pattern,59.08203,59.08203,7.0,2000,1,2026-05-11 13:01:31.652949,,new
388,SENSOR-A101-01,1,daily_noise,medium,3.0,0.74,1,1,no_pattern,45.41016,45.41016,8.0,2000,1,2026-05-11 13:01:34.726188,,new
389,SENSOR-A101-01,1,daily_noise,medium,3.0,0.74,1,1,no_pattern,55.9082,55.9082,8.0,2000,1,2026-05-11 13:01:38.097826,,new
390,SENSOR-A101-01,1,repeated_vibration,high,6.0,0.82,1,1,no_pattern,41.01563,41.01563,1006.0,2000,1,2026-05-11 13:01:44.073414,,new
391,SENSOR-A101-01,1,daily_noise,high,6.0,0.74,1,1,no_pattern,84.22852,84.22852,8.0,2000,1,2026-05-11 13:01:57.659833,,new
392,SENSOR-A101-01,1,repeated_vibration,critical,9.0,0.82,1,1,no_pattern,92.77344,92.77344,700.0,2000,1,2026-05-11 13:02:00.736532,,new
393,SENSOR-A101-01,1,repeated_vibration,high,7.0,0.82,1,1,no_pattern,45.16602,45.16602,1006.0,2000,1,2026-05-11 13:02:03.945320,,new
394,SENSOR-A101-01,1,repeated_vibration,critical,9.0,0.82,1,1,no_pattern,84.47266,84.47266,700.0,2000,1,2026-05-11 13:02:06.680214,,new
395,SENSOR-A101-01,1,repeated_vibration,medium,5.0,0.82,1,1,no_pattern,41.50391,41.50391,700.0,2000,1,2026-05-11 13:02:09.744727,,new
396,SENSOR-A101-01,1,repeated_vibration,medium,5.0,0.82,1,1,no_pattern,41.01563,41.01563,700.0,2000,1,2026-05-11 13:02:12.814749,,new
397,SENSOR-A101-01,1,repeated_vibration,medium,5.0,0.82,1,1,no_pattern,43.21289,43.21289,700.0,2000,1,2026-05-11 13:02:15.885904,,new
398,SENSOR-A101-01,1,repeated_vibration,medium,5.0,0.82,1,1,no_pattern,39.30664,39.30664,700.0,2000,1,2026-05-11 13:02:19.164501,,new
399,SENSOR-A101-01,1,repeated_vibration,medium,5.0,0.82,1,1,no_pattern,43.21289,43.21289,700.0,2000,1,2026-05-11 13:02:22.461842,,new
400,SENSOR-A101-01,1,repeated_vibration,critical,9.0,0.82,1,1,no_pattern,104.0039,104.0039,700.0,2000,1,2026-05-11 13:02:25.515011,,new
401,SENSOR-A101-01,1,repeated_vibration,high,6.0,0.82,1,1,no_pattern,53.4668,53.4668,700.0,2000,1,2026-05-11 13:02:28.585942,,new
402,SENSOR-A101-01,1,repeated_vibration,medium,5.0,0.82,1,1,no_pattern,43.94531,43.94531,700.0,2000,1,2026-05-11 13:02:31.658037,,new
403,SENSOR-A101-01,1,repeated_vibration,high,6.0,0.82,1,1,no_pattern,49.80469,49.80469,700.0,2000,1,2026-05-11 13:02:37.283793,,new
404,SENSOR-A101-01,1,repeated_vibration,high,6.0,0.82,1,1,no_pattern,45.16602,45.16602,700.0,2000,1,2026-05-11 13:02:44.354807,,new
405,SENSOR-A101-01,1,repeated_vibration,critical,9.0,0.82,1,1,no_pattern,84.47266,84.47266,700.0,2000,1,2026-05-11 13:02:47.837916,,new
406,SENSOR-A101-01,1,repeated_vibration,critical,9.0,0.82,1,1,no_pattern,77.88086,77.88086,700.0,2000,1,2026-05-11 13:02:52.466571,,new
407,SENSOR-A101-01,1,daily_noise,medium,3.0,0.74,1,1,no_pattern,46.14258,46.14258,8.0,2000,1,2026-05-11 13:03:08.219504,,new
408,SENSOR-A101-01,1,daily_noise,medium,3.0,0.74,1,1,no_pattern,50.78125,50.78125,10.0,2000,1,2026-05-11 13:03:11.604899,,new
409,SENSOR-A101-01,1,repeated_vibration,high,7.0,0.82,1,1,no_pattern,53.71094,53.71094,1005.0,2000,1,2026-05-11 13:03:14.893946,,new
410,SENSOR-A101-01,1,daily_noise,medium,3.0,0.74,1,1,no_pattern,54.19922,54.19922,7.0,2000,1,2026-05-11 13:03:17.943161,,new
411,SENSOR-A101-01,1,repeated_vibration,high,8.0,0.82,1,1,no_pattern,57.12891,57.12891,1007.0,2000,1,2026-05-11 13:03:21.143812,,new
412,SENSOR-A101-01,1,daily_noise,high,6.0,0.74,1,1,no_pattern,65.67383,65.67383,8.0,2000,1,2026-05-11 13:03:24.290599,,new
413,SENSOR-A101-01,1,repeated_vibration,critical,9.0,0.82,1,1,no_pattern,68.84766,68.84766,700.0,2000,1,2026-05-11 13:03:27.357596,,new
414,SENSOR-A101-01,1,repeated_vibration,critical,10.0,0.82,1,1,no_pattern,67.87109,67.87109,1006.0,2000,1,2026-05-11 13:03:33.713617,,new
415,SENSOR-A101-01,1,daily_noise,high,6.0,0.74,1,1,no_pattern,92.77344,92.77344,8.0,2000,1,2026-05-11 13:03:36.881335,,new
416,SENSOR-A101-01,1,daily_noise,high,6.0,0.74,1,1,no_pattern,84.7168,84.7168,8.0,2000,1,2026-05-11 13:03:39.652398,,new
417,SENSOR-A101-01,1,repeated_vibration,critical,9.0,0.82,1,1,no_pattern,59.57031,59.57031,1007.0,2000,1,2026-05-11 13:03:42.516401,,new
418,SENSOR-A101-01,1,daily_noise,medium,4.0,0.74,1,1,no_pattern,58.34961,58.34961,8.0,2000,1,2026-05-11 13:03:45.380953,,new
419,SENSOR-A101-01,1,impact_noise,high,8.0,0.87,0,1,no_pattern,90.0,90.0,1000.0,3000,1,2026-05-13 02:18:07.332822,,new
