id,sensor_id,household_id,sound_level,vibration_value,duration_ms,acceleration_x,acceleration_y,acceleration_z,received_at,sensor_timestamp
1,SENSOR-A101-01,1,55.0,700.0,3000,0.1,0.0,1.0,2026-05-11 12:07:49.702419,2026-05-11 12:00:00.000000
2,SENSOR-A101-01,1,57.37305,7.0,2000,,,,2026-05-11 12:27:04.047238,2026-05-11 12:27:04.047238
3,SENSOR-A101-01,1,41.99219,8.0,2000,,,,2026-05-11 12:27:07.880298,2026-05-11 12:27:07.880298
4,SENSOR-A101-01,1,72.50977,8.0,2000,,,,2026-05-11 12:27:10.898634,2026-05-11 12:27:10.898634
5,SENSOR-A101-01,1,47.11914,9.0,2000,,,,2026-05-11 12:27:14.156371,2026-05-11 12:27:14.156371
6,SENSOR-A101-01,1,50.29297,8.0,2000,,,,2026-05-11 12:27:16.829382,2026-05-11 12:27:16.829382
7,SENSOR-A101-01,1,64.69727,8.0,2000,,,,2026-05-11 12:27:19.477095,2026-05-11 12:27:19.477095
8,SENSOR-A101-01,1,43.70117,1007.0,2000,,,,2026-05-11 12:27:22.149364,2026-05-11 12:27:22.149364
9,SENSOR-A101-01,1,39.79492,7.0,2000,,,,2026-05-11 12:27:27.660475,2026-05-11 12:27:27.660475
10,SENSOR-A101-01,1,39.79492,8.0,2000,,,,2026-05-11 12:27:30.327622,2026-05-11 12:27:30.327622
11,SENSOR-A101-01,1,41.01563,8.0,2000,,,,2026-05-11 12:27:34.841073,2026-05-11 12:27:34.841073
12,SENSOR-A101-01,1,44.92188,8.0,2000,,,,2026-05-11 12:27:39.656586,2026-05-11 12:27:39.656586
13,SENSOR-A101-01,1,49.56055,8.0,2000,,,,2026-05-11 12:27:42.213323,2026-05-11 12:27:42.213323
14,SENSOR-A101-01,1,54.93164,8.0,2000,,,,2026-05-11 12:27:54.019330,2026-05-11 12:27:54.019330
15,SENSOR-A101-01,1,40.77148,8.0,2000,,,,2026-05-11 12:27:56.946036,2026-05-11 12:27:56.946036
16,SENSOR-A101-01,1,77.63672,8.0,2000,,,,2026-05-11 12:27:59.874157,2026-05-11 12:27:59.874157
17,SENSOR-A101-01,1,49.80469,10.0,2000,,,,2026-05-11 12:28:02.483012,2026-05-11 12:28:02.483012
18,SENSOR-A101-01,1,62.5,1007.0,2000,,,,2026-05-11 12:28:05.345008,2026-05-11 12:28:05.345008
19,SENSOR-A101-01,1,88.37891,8.0,2000,,,,2026-05-11 12:28:08.029099,2026-05-11 12:28:08.029099
20,SENSOR-A101-01,1,66.16211,8.0,2000,,,,2026-05-11 12:28:10.767270,2026-05-11 12:28:10.767270
21,SENSOR-A101-01,1,40.03906,8.0,2000,,,,2026-05-11 12:28:13.784248,2026-05-11 12:28:13.784248
22,SENSOR-A101-01,1,40.03906,8.0,2000,,,,2026-05-11 12:28:16.515635,2026-05-11 12:28:16.515635
23,SENSOR-A101-01,1,38.57422,1006.0,2000,,,,2026-05-11 12:28:20.226291,2026-05-11 12:28:20.226291
24,SENSOR-A101-01,1,44.92188,8.0,2000,,,,2026-05-11 12:28:22.672322,2026-05-11 12:28:22.672322
25,SENSOR-A101-01,1,67.13867,8.0,2000,,,,2026-05-11 12:28:25.130299,2026-05-11 12:28:25.130299
26,SENSOR-A101-01,1,38.81836,1006.0,2000,,,,2026-05-11 12:28:27.891779,2026-05-11 12:28:27.891779
27,SENSOR-A101-01,1,43.70117,7.0,2000,,,,2026-05-11 12:28:30.440933,2026-05-11 12:28:30.440933
28,SENSOR-A101-01,1,65.91797,9.0,2000,,,,2026-05-11 12:28:33.113742,2026-05-11 12:28:33.113742
29,SENSOR-A101-01,1,68.60352,7.0,2000,,,,2026-05-11 12:28:35.969694,2026-05-11 12:28:35.969694
30,SENSOR-A101-01,1,40.2832,8.0,2000,,,,2026-05-11 12:28:38.624159,2026-05-11 12:28:38.624159
31,SENSOR-A101-01,1,42.48047,8.0,2000,,,,2026-05-11 12:28:41.563314,2026-05-11 12:28:41.563314
32,SENSOR-A101-01,1,58.83789,1005.0,2000,,,,2026-05-11 12:28:44.579073,2026-05-11 12:28:44.579073
33,SENSOR-A101-01,1,62.01172,1006.0,2000,,,,2026-05-11 12:28:54.487490,2026-05-11 12:28:54.487490
34,SENSOR-A101-01,1,55.9082,1006.0,2000,,,,2026-05-11 12:28:57.261612,2026-05-11 12:28:57.261612
35,SENSOR-A101-01,1,52.97852,1005.0,2000,,,,2026-05-11 12:28:59.927315,2026-05-11 12:28:59.927315
36,SENSOR-A101-01,1,45.41016,7.0,2000,,,,2026-05-11 12:29:02.585915,2026-05-11 12:29:02.585915
37,SENSOR-A101-01,1,38.57422,1006.0,2000,,,,2026-05-11 12:29:05.266609,2026-05-11 12:29:05.266609
38,SENSOR-A101-01,1,53.22266,8.0,2000,,,,2026-05-11 12:29:08.119681,2026-05-11 12:29:08.119681
39,SENSOR-A101-01,1,60.79102,8.0,2000,,,,2026-05-11 12:29:10.781779,2026-05-11 12:29:10.781779
40,SENSOR-A101-01,1,59.81445,8.0,2000,,,,2026-05-11 12:29:13.647070,2026-05-11 12:29:13.647070
41,SENSOR-A101-01,1,48.82813,8.0,2000,,,,2026-05-11 12:29:16.515048,2026-05-11 12:29:16.515048
42,SENSOR-A101-01,1,57.86133,8.0,2000,,,,2026-05-11 12:29:19.242034,2026-05-11 12:29:19.242034
43,SENSOR-A101-01,1,43.94531,8.0,2000,,,,2026-05-11 12:29:21.838615,2026-05-11 12:29:21.838615
44,SENSOR-A101-01,1,58.10547,1006.0,2000,,,,2026-05-11 12:29:24.321687,2026-05-11 12:29:24.321687
45,SENSOR-A101-01,1,41.25977,8.0,2000,,,,2026-05-11 12:29:27.165794,2026-05-11 12:29:27.165794
46,SENSOR-A101-01,1,44.43359,8.0,2000,,,,2026-05-11 12:29:29.744352,2026-05-11 12:29:29.744352
47,SENSOR-A101-01,1,69.82422,7.0,2000,,,,2026-05-11 12:29:32.282555,2026-05-11 12:29:32.282555
48,SENSOR-A101-01,1,58.10547,8.0,2000,,,,2026-05-11 12:29:35.160022,2026-05-11 12:29:35.160022
49,SENSOR-A101-01,1,71.28906,8.0,2000,,,,2026-05-11 12:29:38.018436,2026-05-11 12:29:38.018436
50,SENSOR-A101-01,1,98.87695,8.0,2000,,,,2026-05-11 12:29:41.088947,2026-05-11 12:29:41.088947
51,SENSOR-A101-01,1,70.06836,1006.0,2000,,,,2026-05-11 12:29:43.599823,2026-05-11 12:29:43.599823
52,SENSOR-A101-01,1,82.27539,8.0,2000,,,,2026-05-11 12:29:46.208378,2026-05-11 12:29:46.208378
53,SENSOR-A101-01,1,56.39648,8.0,2000,,,,2026-05-11 12:29:48.873842,2026-05-11 12:29:48.873842
54,SENSOR-A101-01,1,62.74414,7.0,2000,,,,2026-05-11 12:29:51.864450,2026-05-11 12:29:51.864450
55,SENSOR-A101-01,1,40.03906,8.0,2000,,,,2026-05-11 12:29:54.616832,2026-05-11 12:29:54.616832
56,SENSOR-A101-01,1,112.793,7.0,2000,,,,2026-05-11 12:29:57.065826,2026-05-11 12:29:57.065826
57,SENSOR-A101-01,1,56.64063,11.0,2000,,,,2026-05-11 12:30:00.135323,2026-05-11 12:30:00.135323
58,SENSOR-A101-01,1,63.96484,1007.0,2000,,,,2026-05-11 12:30:03.206453,2026-05-11 12:30:03.206453
59,SENSOR-A101-01,1,59.81445,8.0,2000,,,,2026-05-11 12:30:06.078361,2026-05-11 12:30:06.078361
60,SENSOR-A101-01,1,56.15234,7.0,2000,,,,2026-05-11 12:30:08.765249,2026-05-11 12:30:08.765249
61,SENSOR-A101-01,1,60.30273,7.0,2000,,,,2026-05-11 12:30:11.399509,2026-05-11 12:30:11.399509
62,SENSOR-A101-01,1,53.4668,1005.0,2000,,,,2026-05-11 12:30:14.106985,2026-05-11 12:30:14.106985
63,SENSOR-A101-01,1,63.96484,8.0,2000,,,,2026-05-11 12:30:17.079807,2026-05-11 12:30:17.079807
64,SENSOR-A101-01,1,46.63086,1006.0,2000,,,,2026-05-11 12:30:19.698332,2026-05-11 12:30:19.698332
65,SENSOR-A101-01,1,39.79492,8.0,2000,,,,2026-05-11 12:30:22.389296,2026-05-11 12:30:22.389296
66,SENSOR-A101-01,1,56.39648,8.0,2000,,,,2026-05-11 12:30:25.623685,2026-05-11 12:30:25.623685
67,SENSOR-A101-01,1,71.77734,8.0,2000,,,,2026-05-11 12:30:29.261774,2026-05-11 12:30:29.261774
68,SENSOR-A101-01,1,56.39648,1006.0,2000,,,,2026-05-11 12:30:32.368385,2026-05-11 12:30:32.368385
69,SENSOR-A101-01,1,43.70117,8.0,2000,,,,2026-05-11 12:30:35.810178,2026-05-11 12:30:35.810178
70,SENSOR-A101-01,1,73.97461,8.0,2000,,,,2026-05-11 12:30:39.095347,2026-05-11 12:30:39.095347
71,SENSOR-A101-01,1,40.03906,1006.0,2000,,,,2026-05-11 12:30:43.311393,2026-05-11 12:30:43.311393
72,SENSOR-A101-01,1,66.65039,8.0,2000,,,,2026-05-11 12:30:46.459577,2026-05-11 12:30:46.459577
73,SENSOR-A101-01,1,72.50977,8.0,2000,,,,2026-05-11 12:30:49.498568,2026-05-11 12:30:49.498568
74,SENSOR-A101-01,1,64.94141,8.0,2000,,,,2026-05-11 12:30:52.154393,2026-05-11 12:30:52.154393
75,SENSOR-A101-01,1,44.67773,1006.0,2000,,,,2026-05-11 12:30:54.819425,2026-05-11 12:30:54.819425
76,SENSOR-A101-01,1,98.63281,8.0,2000,,,,2026-05-11 12:30:57.485565,2026-05-11 12:30:57.485565
77,SENSOR-A101-01,1,118.8965,7.0,2000,,,,2026-05-11 12:31:00.128353,2026-05-11 12:31:00.128353
78,SENSOR-A101-01,1,72.50977,8.0,2000,,,,2026-05-11 12:31:03.011471,2026-05-11 12:31:03.011471
79,SENSOR-A101-01,1,42.72461,8.0,2000,,,,2026-05-11 12:31:05.777088,2026-05-11 12:31:05.777088
80,SENSOR-A101-01,1,45.89844,1007.0,2000,,,,2026-05-11 12:31:08.596431,2026-05-11 12:31:08.596431
81,SENSOR-A101-01,1,39.79492,1006.0,2000,,,,2026-05-11 12:31:11.406224,2026-05-11 12:31:11.406224
82,SENSOR-A101-01,1,39.79492,1006.0,2000,,,,2026-05-11 12:31:16.121179,2026-05-11 12:31:16.121179
83,SENSOR-A101-01,1,60.30273,8.0,2000,,,,2026-05-11 12:31:18.882173,2026-05-11 12:31:18.882173
84,SENSOR-A101-01,1,38.33008,1006.0,2000,,,,2026-05-11 12:31:21.644239,2026-05-11 12:31:21.644239
85,SENSOR-A101-01,1,63.23242,8.0,2000,,,,2026-05-11 12:31:24.102087,2026-05-11 12:31:24.102087
86,SENSOR-A101-01,1,47.60742,7.0,2000,,,,2026-05-11 12:31:26.768276,2026-05-11 12:31:26.768276
87,SENSOR-A101-01,1,66.65039,1006.0,2000,,,,2026-05-11 12:31:29.632355,2026-05-11 12:31:29.632355
88,SENSOR-A101-01,1,46.38672,8.0,2000,,,,2026-05-11 12:31:32.295279,2026-05-11 12:31:32.295279
89,SENSOR-A101-01,1,46.63086,1006.0,2000,,,,2026-05-11 12:31:35.173042,2026-05-11 12:31:35.173042
90,SENSOR-A101-01,1,67.38281,8.0,2000,,,,2026-05-11 12:31:38.037877,2026-05-11 12:31:38.037877
91,SENSOR-A101-01,1,57.12891,8.0,2000,,,,2026-05-11 12:31:40.694307,2026-05-11 12:31:40.694307
92,SENSOR-A101-01,1,39.79492,8.0,2000,,,,2026-05-11 12:31:43.763421,2026-05-11 12:31:43.763421
93,SENSOR-A101-01,1,93.26172,8.0,2000,,,,2026-05-11 12:31:46.229204,2026-05-11 12:31:46.229204
94,SENSOR-A101-01,1,45.89844,8.0,2000,,,,2026-05-11 12:31:48.990124,2026-05-11 12:31:48.990124
95,SENSOR-A101-01,1,65.67383,8.0,2000,,,,2026-05-11 12:31:51.648771,2026-05-11 12:31:51.648771
96,SENSOR-A101-01,1,49.31641,8.0,2000,,,,2026-05-11 12:31:54.425470,2026-05-11 12:31:54.425470
97,SENSOR-A101-01,1,55.41992,8.0,2000,,,,2026-05-11 12:31:57.080898,2026-05-11 12:31:57.080898
98,SENSOR-A101-01,1,64.20898,8.0,2000,,,,2026-05-11 12:31:59.843797,2026-05-11 12:31:59.843797
99,SENSOR-A101-01,1,73.48633,8.0,2000,,,,2026-05-11 12:32:02.619950,2026-05-11 12:32:02.619950
100,SENSOR-A101-01,1,40.77148,8.0,2000,,,,2026-05-11 12:32:05.271709,2026-05-11 12:32:05.271709
101,SENSOR-A101-01,1,42.23633,8.0,2000,,,,2026-05-11 12:32:07.724398,2026-05-11 12:32:07.724398
102,SENSOR-A101-01,1,48.33984,8.0,2000,,,,2026-05-11 12:32:10.196675,2026-05-11 12:32:10.196675
103,SENSOR-A101-01,1,61.2793,8.0,2000,,,,2026-05-11 12:32:12.955181,2026-05-11 12:32:12.955181
104,SENSOR-A101-01,1,59.08203,1006.0,2000,,,,2026-05-11 12:32:15.714836,2026-05-11 12:32:15.714836
105,SENSOR-A101-01,1,118.4082,8.0,2000,,,,2026-05-11 12:32:18.376632,2026-05-11 12:32:18.376632
106,SENSOR-A101-01,1,53.4668,8.0,2000,,,,2026-05-11 12:32:21.049274,2026-05-11 12:32:21.049274
107,SENSOR-A101-01,1,78.85742,8.0,2000,,,,2026-05-11 12:32:23.704688,2026-05-11 12:32:23.704688
108,SENSOR-A101-01,1,48.82813,9.0,2000,,,,2026-05-11 12:32:26.470350,2026-05-11 12:32:26.470350
109,SENSOR-A101-01,1,77.88086,1006.0,2000,,,,2026-05-11 12:32:29.229384,2026-05-11 12:32:29.229384
110,SENSOR-A101-01,1,63.96484,7.0,2000,,,,2026-05-11 12:32:32.099829,2026-05-11 12:32:32.099829
111,SENSOR-A101-01,1,91.55273,7.0,2000,,,,2026-05-11 12:32:34.865590,2026-05-11 12:32:34.865590
112,SENSOR-A101-01,1,73.24219,8.0,2000,,,,2026-05-11 12:32:37.632615,2026-05-11 12:32:37.632615
113,SENSOR-A101-01,1,51.75781,8.0,2000,,,,2026-05-11 12:32:40.392963,2026-05-11 12:32:40.392963
114,SENSOR-A101-01,1,54.93164,8.0,2000,,,,2026-05-11 12:32:43.363673,2026-05-11 12:32:43.363673
115,SENSOR-A101-01,1,41.01563,1006.0,2000,,,,2026-05-11 12:32:46.232624,2026-05-11 12:32:46.232624
116,SENSOR-A101-01,1,63.23242,7.0,2000,,,,2026-05-11 12:32:49.003683,2026-05-11 12:32:49.003683
117,SENSOR-A101-01,1,41.50391,1006.0,2000,,,,2026-05-11 12:32:51.760291,2026-05-11 12:32:51.760291
118,SENSOR-A101-01,1,53.4668,7.0,2000,,,,2026-05-11 12:32:54.530642,2026-05-11 12:32:54.530642
119,SENSOR-A101-01,1,71.77734,7.0,2000,,,,2026-05-11 12:32:57.296904,2026-05-11 12:32:57.296904
120,SENSOR-A101-01,1,40.77148,8.0,2000,,,,2026-05-11 12:33:00.060473,2026-05-11 12:33:00.060473
121,SENSOR-A101-01,1,52.97852,8.0,2000,,,,2026-05-11 12:33:03.236821,2026-05-11 12:33:03.236821
122,SENSOR-A101-01,1,41.74805,7.0,2000,,,,2026-05-11 12:33:06.108511,2026-05-11 12:33:06.108511
123,SENSOR-A101-01,1,66.40625,1006.0,2000,,,,2026-05-11 12:33:08.964371,2026-05-11 12:33:08.964371
124,SENSOR-A101-01,1,78.125,1007.0,2000,,,,2026-05-11 12:33:11.727988,2026-05-11 12:33:11.727988
125,SENSOR-A101-01,1,46.63086,7.0,2000,,,,2026-05-11 12:33:14.497285,2026-05-11 12:33:14.497285
126,SENSOR-A101-01,1,40.77148,7.0,2000,,,,2026-05-11 12:33:17.159613,2026-05-11 12:33:17.159613
127,SENSOR-A101-01,1,39.55078,7.0,2000,,,,2026-05-11 12:33:19.577657,2026-05-11 12:33:19.577657
128,SENSOR-A101-01,1,68.35938,8.0,2000,,,,2026-05-11 12:33:22.175543,2026-05-11 12:33:22.175543
129,SENSOR-A101-01,1,46.875,1006.0,2000,,,,2026-05-11 12:33:25.038791,2026-05-11 12:33:25.038791
130,SENSOR-A101-01,1,64.94141,1007.0,2000,,,,2026-05-11 12:33:27.812806,2026-05-11 12:33:27.812806
131,SENSOR-A101-01,1,66.40625,1007.0,2000,,,,2026-05-11 12:33:30.671819,2026-05-11 12:33:30.671819
132,SENSOR-A101-01,1,39.79492,7.0,2000,,,,2026-05-11 12:33:33.335689,2026-05-11 12:33:33.335689
133,SENSOR-A101-01,1,70.80078,1007.0,2000,,,,2026-05-11 12:33:35.963449,2026-05-11 12:33:35.963449
134,SENSOR-A101-01,1,102.2949,1007.0,2000,,,,2026-05-11 12:33:38.659932,2026-05-11 12:33:38.659932
135,SENSOR-A101-01,1,94.9707,8.0,2000,,,,2026-05-11 12:33:41.527344,2026-05-11 12:33:41.527344
136,SENSOR-A101-01,1,62.01172,8.0,2000,,,,2026-05-11 12:33:44.192408,2026-05-11 12:33:44.192408
137,SENSOR-A101-01,1,49.31641,8.0,2000,,,,2026-05-11 12:33:46.954603,2026-05-11 12:33:46.954603
138,SENSOR-A101-01,1,48.82813,1006.0,2000,,,,2026-05-11 12:33:50.129417,2026-05-11 12:33:50.129417
139,SENSOR-A101-01,1,62.5,1006.0,2000,,,,2026-05-11 12:33:52.792942,2026-05-11 12:33:52.792942
140,SENSOR-A101-01,1,39.79492,7.0,2000,,,,2026-05-11 12:33:55.452317,2026-05-11 12:33:55.452317
141,SENSOR-A101-01,1,40.03906,8.0,2000,,,,2026-05-11 12:33:58.117190,2026-05-11 12:33:58.117190
142,SENSOR-A101-01,1,43.70117,8.0,2000,,,,2026-05-11 12:34:00.575462,2026-05-11 12:34:00.575462
143,SENSOR-A101-01,1,40.2832,8.0,2000,,,,2026-05-11 12:34:04.053811,2026-05-11 12:34:04.053811
144,SENSOR-A101-01,1,47.11914,8.0,2000,,,,2026-05-11 12:34:06.516815,2026-05-11 12:34:06.516815
145,SENSOR-A101-01,1,40.2832,8.0,2000,,,,2026-05-11 12:34:09.277503,2026-05-11 12:34:09.277503
146,SENSOR-A101-01,1,38.08594,1006.0,2000,,,,2026-05-11 12:34:12.043590,2026-05-11 12:34:12.043590
147,SENSOR-A101-01,1,40.03906,8.0,2000,,,,2026-05-11 12:34:14.747328,2026-05-11 12:34:14.747328
148,SENSOR-A101-01,1,40.77148,8.0,2000,,,,2026-05-11 12:34:17.414628,2026-05-11 12:34:17.414628
149,SENSOR-A101-01,1,90.82031,9.0,2000,,,,2026-05-11 12:34:19.927559,2026-05-11 12:34:19.927559
150,SENSOR-A101-01,1,84.22852,8.0,2000,,,,2026-05-11 12:34:22.701351,2026-05-11 12:34:22.701351
151,SENSOR-A101-01,1,82.51953,1006.0,2000,,,,2026-05-11 12:34:25.660071,2026-05-11 12:34:25.660071
152,SENSOR-A101-01,1,69.58008,1008.0,2000,,,,2026-05-11 12:34:28.531195,2026-05-11 12:34:28.531195
153,SENSOR-A101-01,1,51.02539,7.0,2000,,,,2026-05-11 12:34:31.395786,2026-05-11 12:34:31.395786
154,SENSOR-A101-01,1,52.73438,7.0,2000,,,,2026-05-11 12:34:34.159239,2026-05-11 12:34:34.159239
155,SENSOR-A101-01,1,90.33203,1007.0,2000,,,,2026-05-11 12:34:36.924582,2026-05-11 12:34:36.924582
156,SENSOR-A101-01,1,74.21875,8.0,2000,,,,2026-05-11 12:34:39.589228,2026-05-11 12:34:39.589228
157,SENSOR-A101-01,1,46.14258,7.0,2000,,,,2026-05-11 12:34:42.249095,2026-05-11 12:34:42.249095
158,SENSOR-A101-01,1,61.76758,7.0,2000,,,,2026-05-11 12:34:45.019121,2026-05-11 12:34:45.019121
159,SENSOR-A101-01,1,44.67773,1006.0,2000,,,,2026-05-11 12:34:47.816892,2026-05-11 12:34:47.816892
160,SENSOR-A101-01,1,51.02539,8.0,2000,,,,2026-05-11 12:34:50.645494,2026-05-11 12:34:50.645494
161,SENSOR-A101-01,1,62.25586,8.0,2000,,,,2026-05-11 12:34:53.315838,2026-05-11 12:34:53.315838
162,SENSOR-A101-01,1,42.96875,8.0,2000,,,,2026-05-11 12:34:56.190103,2026-05-11 12:34:56.190103
163,SENSOR-A101-01,1,39.55078,7.0,2000,,,,2026-05-11 12:34:59.113041,2026-05-11 12:34:59.113041
164,SENSOR-A101-01,1,61.03516,8.0,2000,,,,2026-05-11 12:35:01.922007,2026-05-11 12:35:01.922007
165,SENSOR-A101-01,1,58.83789,8.0,2000,,,,2026-05-11 12:35:04.989216,2026-05-11 12:35:04.989216
166,SENSOR-A101-01,1,65.18555,8.0,2000,,,,2026-05-11 12:35:07.859204,2026-05-11 12:35:07.859204
167,SENSOR-A101-01,1,58.10547,1005.0,2000,,,,2026-05-11 12:35:10.717527,2026-05-11 12:35:10.717527
168,SENSOR-A101-01,1,71.5332,8.0,2000,,,,2026-05-11 12:35:13.516975,2026-05-11 12:35:13.516975
169,SENSOR-A101-01,1,39.30664,8.0,2000,,,,2026-05-11 12:35:16.553513,2026-05-11 12:35:16.553513
170,SENSOR-A101-01,1,41.01563,8.0,2000,,,,2026-05-11 12:35:19.308749,2026-05-11 12:35:19.308749
171,SENSOR-A101-01,1,66.65039,8.0,2000,,,,2026-05-11 12:35:21.779023,2026-05-11 12:35:21.779023
172,SENSOR-A101-01,1,55.41992,8.0,2000,,,,2026-05-11 12:35:24.683153,2026-05-11 12:35:24.683153
173,SENSOR-A101-01,1,39.30664,8.0,2000,,,,2026-05-11 12:35:27.514103,2026-05-11 12:35:27.514103
174,SENSOR-A101-01,1,43.94531,7.0,2000,,,,2026-05-11 12:35:29.967645,2026-05-11 12:35:29.967645
175,SENSOR-A101-01,1,46.63086,8.0,2000,,,,2026-05-11 12:35:32.633841,2026-05-11 12:35:32.633841
176,SENSOR-A101-01,1,39.55078,8.0,2000,,,,2026-05-11 12:35:35.605462,2026-05-11 12:35:35.605462
177,SENSOR-A101-01,1,39.30664,7.0,2000,,,,2026-05-11 12:35:38.263878,2026-05-11 12:35:38.263878
178,SENSOR-A101-01,1,39.55078,8.0,2000,,,,2026-05-11 12:35:40.820769,2026-05-11 12:35:40.820769
179,SENSOR-A101-01,1,39.30664,8.0,2000,,,,2026-05-11 12:35:43.281616,2026-05-11 12:35:43.281616
180,SENSOR-A101-01,1,84.7168,8.0,2000,,,,2026-05-11 12:35:45.837858,2026-05-11 12:35:45.837858
181,SENSOR-A101-01,1,59.08203,1007.0,2000,,,,2026-05-11 12:35:48.833965,2026-05-11 12:35:48.833965
182,SENSOR-A101-01,1,39.79492,1005.0,2000,,,,2026-05-11 12:35:51.675161,2026-05-11 12:35:51.675161
183,SENSOR-A101-01,1,40.2832,7.0,2000,,,,2026-05-11 12:35:54.342683,2026-05-11 12:35:54.342683
184,SENSOR-A101-01,1,41.25977,7.0,2000,,,,2026-05-11 12:35:56.797592,2026-05-11 12:35:56.797592
185,SENSOR-A101-01,1,40.03906,7.0,2000,,,,2026-05-11 12:35:59.458030,2026-05-11 12:35:59.458030
186,SENSOR-A101-01,1,40.52734,8.0,2000,,,,2026-05-11 12:36:02.232051,2026-05-11 12:36:02.232051
187,SENSOR-A101-01,1,39.0625,1005.0,2000,,,,2026-05-11 12:36:04.789542,2026-05-11 12:36:04.789542
188,SENSOR-A101-01,1,39.79492,7.0,2000,,,,2026-05-11 12:36:07.653643,2026-05-11 12:36:07.653643
189,SENSOR-A101-01,1,39.79492,7.0,2000,,,,2026-05-11 12:36:10.312245,2026-05-11 12:36:10.312245
190,SENSOR-A101-01,1,47.36328,8.0,2000,,,,2026-05-11 12:36:12.976428,2026-05-11 12:36:12.976428
191,SENSOR-A101-01,1,59.32617,1006.0,2000,,,,2026-05-11 12:36:15.850636,2026-05-11 12:36:15.850636
192,SENSOR-A101-01,1,41.99219,8.0,2000,,,,2026-05-11 12:36:18.816507,2026-05-11 12:36:18.816507
193,SENSOR-A101-01,1,53.4668,8.0,2000,,,,2026-05-11 12:36:21.378134,2026-05-11 12:36:21.378134
194,SENSOR-A101-01,1,64.45313,8.0,2000,,,,2026-05-11 12:36:24.454774,2026-05-11 12:36:24.454774
195,SENSOR-A101-01,1,40.03906,1006.0,2000,,,,2026-05-11 12:36:27.319387,2026-05-11 12:36:27.319387
196,SENSOR-A101-01,1,39.79492,8.0,2000,,,,2026-05-11 12:36:30.084991,2026-05-11 12:36:30.084991
197,SENSOR-A101-01,1,40.77148,8.0,2000,,,,2026-05-11 12:36:32.639488,2026-05-11 12:36:32.639488
198,SENSOR-A101-01,1,90.33203,1005.0,2000,,,,2026-05-11 12:36:35.506521,2026-05-11 12:36:35.506521
199,SENSOR-A101-01,1,54.93164,8.0,2000,,,,2026-05-11 12:36:39.296713,2026-05-11 12:36:39.296713
200,SENSOR-A101-01,1,57.86133,8.0,2000,,,,2026-05-11 12:36:42.087330,2026-05-11 12:36:42.087330
201,SENSOR-A101-01,1,56.39648,8.0,2000,,,,2026-05-11 12:36:45.131742,2026-05-11 12:36:45.131742
202,SENSOR-A101-01,1,45.16602,8.0,2000,,,,2026-05-11 12:36:47.997489,2026-05-11 12:36:47.997489
203,SENSOR-A101-01,1,83.25195,1007.0,2000,,,,2026-05-11 12:36:51.072076,2026-05-11 12:36:51.072076
204,SENSOR-A101-01,1,50.29297,7.0,2000,,,,2026-05-11 12:36:53.936607,2026-05-11 12:36:53.936607
205,SENSOR-A101-01,1,49.80469,1006.0,2000,,,,2026-05-11 12:36:56.811450,2026-05-11 12:36:56.811450
206,SENSOR-A101-01,1,41.25977,8.0,2000,,,,2026-05-11 12:36:59.467178,2026-05-11 12:36:59.467178
207,SENSOR-A101-01,1,39.30664,7.0,2000,,,,2026-05-11 12:37:02.130217,2026-05-11 12:37:02.130217
208,SENSOR-A101-01,1,40.52734,8.0,2000,,,,2026-05-11 12:37:04.589286,2026-05-11 12:37:04.589286
209,SENSOR-A101-01,1,51.26953,7.0,2000,,,,2026-05-11 12:37:07.352225,2026-05-11 12:37:07.352225
210,SENSOR-A101-01,1,45.6543,1007.0,2000,,,,2026-05-11 12:37:10.116329,2026-05-11 12:37:10.116329
211,SENSOR-A101-01,1,40.03906,1006.0,2000,,,,2026-05-11 12:37:12.991159,2026-05-11 12:37:12.991159
212,SENSOR-A101-01,1,49.07227,1005.0,2000,,,,2026-05-11 12:37:15.849352,2026-05-11 12:37:15.849352
213,SENSOR-A101-01,1,40.2832,8.0,2000,,,,2026-05-11 12:37:18.618578,2026-05-11 12:37:18.618578
214,SENSOR-A101-01,1,53.95508,7.0,2000,,,,2026-05-11 12:37:21.174268,2026-05-11 12:37:21.174268
215,SENSOR-A101-01,1,56.15234,7.0,2000,,,,2026-05-11 12:37:24.350422,2026-05-11 12:37:24.350422
216,SENSOR-A101-01,1,39.55078,8.0,2000,,,,2026-05-11 12:37:27.116330,2026-05-11 12:37:27.116330
217,SENSOR-A101-01,1,38.81836,1006.0,2000,,,,2026-05-11 12:37:29.777282,2026-05-11 12:37:29.777282
218,SENSOR-A101-01,1,63.23242,7.0,2000,,,,2026-05-11 12:37:32.445983,2026-05-11 12:37:32.445983
219,SENSOR-A101-01,1,66.89453,7.0,2000,,,,2026-05-11 12:37:35.306396,2026-05-11 12:37:35.306396
220,SENSOR-A101-01,1,62.5,8.0,2000,,,,2026-05-11 12:37:38.285793,2026-05-11 12:37:38.285793
221,SENSOR-A101-01,1,41.99219,8.0,2000,,,,2026-05-11 12:37:41.252380,2026-05-11 12:37:41.252380
222,SENSOR-A101-01,1,41.50391,8.0,2000,,,,2026-05-11 12:37:44.112527,2026-05-11 12:37:44.112527
223,SENSOR-A101-01,1,53.95508,8.0,2000,,,,2026-05-11 12:37:46.675294,2026-05-11 12:37:46.675294
224,SENSOR-A101-01,1,46.14258,8.0,2000,,,,2026-05-11 12:37:49.539235,2026-05-11 12:37:49.539235
225,SENSOR-A101-01,1,43.45703,8.0,2000,,,,2026-05-11 12:37:52.407614,2026-05-11 12:37:52.407614
226,SENSOR-A101-01,1,44.43359,8.0,2000,,,,2026-05-11 12:37:55.069427,2026-05-11 12:37:55.069427
227,SENSOR-A101-01,1,55.17578,7.0,2000,,,,2026-05-11 12:37:57.734375,2026-05-11 12:37:57.734375
228,SENSOR-A101-01,1,52.24609,8.0,2000,,,,2026-05-11 12:38:00.702250,2026-05-11 12:38:00.702250
229,SENSOR-A101-01,1,58.10547,7.0,2000,,,,2026-05-11 12:38:03.469036,2026-05-11 12:38:03.469036
230,SENSOR-A101-01,1,46.14258,8.0,2000,,,,2026-05-11 12:38:06.339547,2026-05-11 12:38:06.339547
231,SENSOR-A101-01,1,47.60742,1004.0,2000,,,,2026-05-11 12:38:09.198092,2026-05-11 12:38:09.198092
232,SENSOR-A101-01,1,81.54297,1006.0,2000,,,,2026-05-11 12:38:12.272041,2026-05-11 12:38:12.272041
233,SENSOR-A101-01,1,58.34961,8.0,2000,,,,2026-05-11 12:38:15.248886,2026-05-11 12:38:15.248886
234,SENSOR-A101-01,1,53.71094,7.0,2000,,,,2026-05-11 12:38:18.260107,2026-05-11 12:38:18.260107
235,SENSOR-A101-01,1,71.04492,8.0,2000,,,,2026-05-11 12:38:20.978248,2026-05-11 12:38:20.978248
236,SENSOR-A101-01,1,71.5332,8.0,2000,,,,2026-05-11 12:38:23.945093,2026-05-11 12:38:23.945093
237,SENSOR-A101-01,1,89.84375,1007.0,2000,,,,2026-05-11 12:38:26.918978,2026-05-11 12:38:26.918978
238,SENSOR-A101-01,1,54.44336,7.0,2000,,,,2026-05-11 12:38:29.581243,2026-05-11 12:38:29.581243
239,SENSOR-A101-01,1,48.58398,1007.0,2000,,,,2026-05-11 12:38:32.487915,2026-05-11 12:38:32.487915
240,SENSOR-A101-01,1,65.42969,1006.0,2000,,,,2026-05-11 12:38:35.328750,2026-05-11 12:38:35.328750
241,SENSOR-A101-01,1,39.0625,8.0,2000,,,,2026-05-11 12:38:39.209973,2026-05-11 12:38:39.209973
242,SENSOR-A101-01,1,44.67773,8.0,2000,,,,2026-05-11 12:38:41.870047,2026-05-11 12:38:41.870047
243,SENSOR-A101-01,1,70.55664,8.0,2000,,,,2026-05-11 12:38:44.530053,2026-05-11 12:38:44.530053
244,SENSOR-A101-01,1,39.79492,1007.0,2000,,,,2026-05-11 12:38:47.807061,2026-05-11 12:38:47.807061
245,SENSOR-A101-01,1,66.89453,8.0,2000,,,,2026-05-11 12:38:50.776019,2026-05-11 12:38:50.776019
246,SENSOR-A101-01,1,50.29297,8.0,2000,,,,2026-05-11 12:38:53.745648,2026-05-11 12:38:53.745648
247,SENSOR-A101-01,1,60.30273,8.0,2000,,,,2026-05-11 12:38:56.818157,2026-05-11 12:38:56.818157
248,SENSOR-A101-01,1,43.94531,1004.0,2000,,,,2026-05-11 12:38:59.696105,2026-05-11 12:38:59.696105
249,SENSOR-A101-01,1,40.77148,8.0,2000,,,,2026-05-11 12:39:02.552292,2026-05-11 12:39:02.552292
250,SENSOR-A101-01,1,41.01563,7.0,2000,,,,2026-05-11 12:39:05.216092,2026-05-11 12:39:05.216092
251,SENSOR-A101-01,1,63.96484,7.0,2000,,,,2026-05-11 12:39:07.882775,2026-05-11 12:39:07.882775
252,SENSOR-A101-01,1,54.6875,1007.0,2000,,,,2026-05-11 12:39:10.747772,2026-05-11 12:39:10.747772
253,SENSOR-A101-01,1,50.53711,1007.0,2000,,,,2026-05-11 12:39:13.616749,2026-05-11 12:39:13.616749
254,SENSOR-A101-01,1,69.0918,8.0,2000,,,,2026-05-11 12:39:16.482780,2026-05-11 12:39:16.482780
255,SENSOR-A101-01,1,47.60742,9.0,2000,,,,2026-05-11 12:39:19.451716,2026-05-11 12:39:19.451716
256,SENSOR-A101-01,1,39.0625,1007.0,2000,,,,2026-05-11 12:39:22.110739,2026-05-11 12:39:22.110739
257,SENSOR-A101-01,1,40.03906,7.0,2000,,,,2026-05-11 12:39:25.083786,2026-05-11 12:39:25.083786
258,SENSOR-A101-01,1,54.93164,8.0,2000,,,,2026-05-11 12:39:27.559607,2026-05-11 12:39:27.559607
259,SENSOR-A101-01,1,40.03906,8.0,2000,,,,2026-05-11 12:39:31.326868,2026-05-11 12:39:31.326868
260,SENSOR-A101-01,1,51.51367,1005.0,2000,,,,2026-05-11 12:39:34.096570,2026-05-11 12:39:34.096570
261,SENSOR-A101-01,1,46.14258,9.0,2000,,,,2026-05-11 12:39:36.965748,2026-05-11 12:39:36.965748
262,SENSOR-A101-01,1,49.80469,1006.0,2000,,,,2026-05-11 12:39:39.825552,2026-05-11 12:39:39.825552
263,SENSOR-A101-01,1,51.02539,7.0,2000,,,,2026-05-11 12:39:42.490360,2026-05-11 12:39:42.490360
264,SENSOR-A101-01,1,118.8965,8.0,2000,,,,2026-05-11 12:39:45.352686,2026-05-11 12:39:45.352686
265,SENSOR-A101-01,1,61.76758,8.0,2000,,,,2026-05-11 12:39:48.020079,2026-05-11 12:39:48.020079
266,SENSOR-A101-01,1,38.81836,1006.0,2000,,,,2026-05-11 12:39:50.890340,2026-05-11 12:39:50.890340
267,SENSOR-A101-01,1,62.98828,7.0,2000,,,,2026-05-11 12:39:53.448833,2026-05-11 12:39:53.448833
268,SENSOR-A101-01,1,48.82813,8.0,2000,,,,2026-05-11 12:39:56.207699,2026-05-11 12:39:56.207699
269,SENSOR-A101-01,1,43.70117,7.0,2000,,,,2026-05-11 12:39:59.076415,2026-05-11 12:39:59.076415
270,SENSOR-A101-01,1,45.16602,7.0,2000,,,,2026-05-11 12:40:01.951892,2026-05-11 12:40:01.951892
271,SENSOR-A101-01,1,39.0625,1006.0,2000,,,,2026-05-11 12:40:04.811749,2026-05-11 12:40:04.811749
272,SENSOR-A101-01,1,43.70117,7.0,2000,,,,2026-05-11 12:40:07.475391,2026-05-11 12:40:07.475391
273,SENSOR-A101-01,1,62.74414,7.0,2000,,,,2026-05-11 12:40:09.946399,2026-05-11 12:40:09.946399
274,SENSOR-A101-01,1,38.57422,1006.0,2000,,,,2026-05-11 12:40:12.802708,2026-05-11 12:40:12.802708
275,SENSOR-A101-01,1,62.74414,9.0,2000,,,,2026-05-11 12:40:15.258758,2026-05-11 12:40:15.258758
276,SENSOR-A101-01,1,48.0957,7.0,2000,,,,2026-05-11 12:40:18.229831,2026-05-11 12:40:18.229831
277,SENSOR-A101-01,1,40.52734,7.0,2000,,,,2026-05-11 12:40:21.195528,2026-05-11 12:40:21.195528
278,SENSOR-A101-01,1,39.79492,9.0,2000,,,,2026-05-11 12:40:23.869424,2026-05-11 12:40:23.869424
279,SENSOR-A101-01,1,113.0371,8.0,2000,,,,2026-05-11 12:40:26.326609,2026-05-11 12:40:26.326609
280,SENSOR-A101-01,1,90.82031,8.0,2000,,,,2026-05-11 12:40:28.983733,2026-05-11 12:40:28.983733
281,SENSOR-A101-01,1,44.67773,1007.0,2000,,,,2026-05-11 12:40:31.845684,2026-05-11 12:40:31.845684
282,SENSOR-A101-01,1,61.03516,1006.0,2000,,,,2026-05-11 12:40:34.719576,2026-05-11 12:40:34.719576
283,SENSOR-A101-01,1,89.59961,1006.0,2000,,,,2026-05-11 12:40:37.583586,2026-05-11 12:40:37.583586
284,SENSOR-A101-01,1,44.92188,8.0,2000,,,,2026-05-11 12:40:40.456724,2026-05-11 12:40:40.456724
285,SENSOR-A101-01,1,66.89453,8.0,2000,,,,2026-05-11 12:40:43.117790,2026-05-11 12:40:43.117790
286,SENSOR-A101-01,1,67.13867,7.0,2000,,,,2026-05-11 12:40:45.981606,2026-05-11 12:40:45.981606
287,SENSOR-A101-01,1,92.77344,7.0,2000,,,,2026-05-11 12:40:48.639216,2026-05-11 12:40:48.639216
288,SENSOR-A101-01,1,62.25586,8.0,2000,,,,2026-05-11 12:40:51.513936,2026-05-11 12:40:51.513936
289,SENSOR-A101-01,1,84.7168,8.0,2000,,,,2026-05-11 12:40:54.377234,2026-05-11 12:40:54.377234
290,SENSOR-A101-01,1,69.82422,8.0,2000,,,,2026-05-11 12:40:57.240623,2026-05-11 12:40:57.240623
291,SENSOR-A101-01,1,62.01172,8.0,2000,,,,2026-05-11 12:41:00.109308,2026-05-11 12:41:00.109308
292,SENSOR-A101-01,1,79.10156,7.0,2000,,,,2026-05-11 12:41:02.779446,2026-05-11 12:41:02.779446
293,SENSOR-A101-01,1,76.9043,8.0,2000,,,,2026-05-11 12:41:05.637635,2026-05-11 12:41:05.637635
294,SENSOR-A101-01,1,47.85156,7.0,2000,,,,2026-05-11 12:41:08.303517,2026-05-11 12:41:08.303517
295,SENSOR-A101-01,1,49.07227,1007.0,2000,,,,2026-05-11 12:41:11.169597,2026-05-11 12:41:11.169597
296,SENSOR-A101-01,1,41.50391,7.0,2000,,,,2026-05-11 12:41:14.035223,2026-05-11 12:41:14.035223
297,SENSOR-A101-01,1,39.55078,7.0,2000,,,,2026-05-11 12:41:16.492315,2026-05-11 12:41:16.492315
298,SENSOR-A101-01,1,54.6875,8.0,2000,,,,2026-05-11 12:41:19.166476,2026-05-11 12:41:19.166476
299,SENSOR-A101-01,1,45.6543,1005.0,2000,,,,2026-05-11 12:41:22.022045,2026-05-11 12:41:22.022045
300,SENSOR-A101-01,1,124.0234,8.0,2000,,,,2026-05-11 12:41:25.106344,2026-05-11 12:41:25.106344
301,SENSOR-A101-01,1,64.94141,8.0,2000,,,,2026-05-11 12:41:27.763212,2026-05-11 12:41:27.763212
302,SENSOR-A101-01,1,90.33203,1006.0,2000,,,,2026-05-11 12:41:33.287512,2026-05-11 12:41:33.287512
303,SENSOR-A101-01,1,40.2832,8.0,2000,,,,2026-05-11 12:41:35.955129,2026-05-11 12:41:35.955129
304,SENSOR-A101-01,1,65.18555,8.0,2000,,,,2026-05-11 12:41:38.611366,2026-05-11 12:41:38.611366
305,SENSOR-A101-01,1,38.81836,1005.0,2000,,,,2026-05-11 12:41:41.477977,2026-05-11 12:41:41.477977
306,SENSOR-A101-01,1,40.03906,8.0,2000,,,,2026-05-11 12:41:44.241627,2026-05-11 12:41:44.241627
307,SENSOR-A101-01,1,39.30664,1005.0,2000,,,,2026-05-11 12:41:47.009517,2026-05-11 12:41:47.009517
308,SENSOR-A101-01,1,41.01563,7.0,2000,,,,2026-05-11 12:41:49.670555,2026-05-11 12:41:49.670555
309,SENSOR-A101-01,1,47.60742,7.0,2000,,,,2026-05-11 12:41:52.127403,2026-05-11 12:41:52.127403
310,SENSOR-A101-01,1,51.02539,1007.0,2000,,,,2026-05-11 12:41:54.999284,2026-05-11 12:41:54.999284
311,SENSOR-A101-01,1,38.57422,1007.0,2000,,,,2026-05-11 12:41:57.865337,2026-05-11 12:41:57.865337
312,SENSOR-A101-01,1,55.41992,8.0,2000,,,,2026-05-11 12:42:00.325602,2026-05-11 12:42:00.325602
313,SENSOR-A101-01,1,50.78125,8.0,2000,,,,2026-05-11 12:42:03.193485,2026-05-11 12:42:03.193485
314,SENSOR-A101-01,1,39.79492,8.0,2000,,,,2026-05-11 12:42:05.849829,2026-05-11 12:42:05.849829
315,SENSOR-A101-01,1,41.01563,8.0,2000,,,,2026-05-11 12:42:08.311153,2026-05-11 12:42:08.311153
316,SENSOR-A101-01,1,51.51367,8.0,2000,,,,2026-05-11 12:42:10.761935,2026-05-11 12:42:10.761935
317,SENSOR-A101-01,1,55.66406,6.0,2000,,,,2026-05-11 12:42:13.629942,2026-05-11 12:42:13.629942
318,SENSOR-A101-01,1,62.01172,1005.0,2000,,,,2026-05-11 12:42:16.601215,2026-05-11 12:42:16.601215
319,SENSOR-A101-01,1,39.30664,8.0,2000,,,,2026-05-11 12:42:19.570105,2026-05-11 12:42:19.570105
320,SENSOR-A101-01,1,38.57422,1007.0,2000,,,,2026-05-11 12:42:22.443224,2026-05-11 12:42:22.443224
321,SENSOR-A101-01,1,41.25977,1006.0,2000,,,,2026-05-11 12:42:25.103163,2026-05-11 12:42:25.103163
322,SENSOR-A101-01,1,68.35938,8.0,2000,,,,2026-05-11 12:42:27.972187,2026-05-11 12:42:27.972187
323,SENSOR-A101-01,1,50.29297,8.0,2000,,,,2026-05-11 12:42:30.835861,2026-05-11 12:42:30.835861
324,SENSOR-A101-01,1,50.53711,7.0,2000,,,,2026-05-11 12:42:33.502820,2026-05-11 12:42:33.502820
325,SENSOR-A101-01,1,39.79492,8.0,2000,,,,2026-05-11 12:42:36.285622,2026-05-11 12:42:36.285622
326,SENSOR-A101-01,1,39.30664,8.0,2000,,,,2026-05-11 12:42:38.825258,2026-05-11 12:42:38.825258
327,SENSOR-A101-01,1,40.52734,8.0,2000,,,,2026-05-11 12:42:41.487688,2026-05-11 12:42:41.487688
328,SENSOR-A101-01,1,41.01563,7.0,2000,,,,2026-05-11 12:42:44.151925,2026-05-11 12:42:44.151925
329,SENSOR-A101-01,1,38.81836,1006.0,2000,,,,2026-05-11 12:42:47.016656,2026-05-11 12:42:47.016656
330,SENSOR-A101-01,1,40.03906,8.0,2000,,,,2026-05-11 12:42:58.282517,2026-05-11 12:42:58.282517
331,SENSOR-A101-01,1,39.79492,7.0,2000,,,,2026-05-11 12:43:00.947882,2026-05-11 12:43:00.947882
332,SENSOR-A101-01,1,40.03906,8.0,2000,,,,2026-05-11 12:43:03.412585,2026-05-11 12:43:03.412585
333,SENSOR-A101-01,1,38.33008,1006.0,2000,,,,2026-05-11 12:43:06.065748,2026-05-11 12:43:06.065748
334,SENSOR-A101-01,1,39.55078,8.0,2000,,,,2026-05-11 12:43:08.727685,2026-05-11 12:43:08.727685
335,SENSOR-A101-01,1,38.81836,1007.0,2000,,,,2026-05-11 12:43:11.590937,2026-05-11 12:43:11.590937
336,SENSOR-A101-01,1,61.52344,7.0,2000,,,,2026-05-11 12:43:14.050069,2026-05-11 12:43:14.050069
337,SENSOR-A101-01,1,50.04883,1007.0,2000,,,,2026-05-11 12:43:16.918956,2026-05-11 12:43:16.918956
338,SENSOR-A101-01,1,92.28516,8.0,2000,,,,2026-05-11 12:43:19.714253,2026-05-11 12:43:19.714253
339,SENSOR-A101-01,1,62.01172,8.0,2000,,,,2026-05-11 12:43:22.547562,2026-05-11 12:43:22.547562
340,SENSOR-A101-01,1,59.08203,1007.0,2000,,,,2026-05-11 12:43:25.516753,2026-05-11 12:43:25.516753
341,SENSOR-A101-01,1,56.64063,8.0,2000,,,,2026-05-11 12:43:28.591536,2026-05-11 12:43:28.591536
342,SENSOR-A101-01,1,50.04883,8.0,2000,,,,2026-05-11 12:43:31.660991,2026-05-11 12:43:31.660991
343,SENSOR-A101-01,1,72.26563,1007.0,2000,,,,2026-05-11 12:43:34.527424,2026-05-11 12:43:34.527424
344,SENSOR-A101-01,1,60.54688,8.0,2000,,,,2026-05-11 12:43:37.399628,2026-05-11 12:43:37.399628
345,SENSOR-A101-01,1,38.57422,1006.0,2000,,,,2026-05-11 12:43:40.271016,2026-05-11 12:43:40.271016
346,SENSOR-A101-01,1,39.55078,7.0,2000,,,,2026-05-11 12:43:42.933580,2026-05-11 12:43:42.933580
347,SENSOR-A101-01,1,50.78125,8.0,2000,,,,2026-05-11 12:43:45.385335,2026-05-11 12:43:45.385335
348,SENSOR-A101-01,1,38.81836,1006.0,2000,,,,2026-05-11 12:43:48.457539,2026-05-11 12:43:48.457539
349,SENSOR-A101-01,1,67.13867,8.0,2000,,,,2026-05-11 12:43:50.914556,2026-05-11 12:43:50.914556
350,SENSOR-A101-01,1,57.61719,8.0,2000,,,,2026-05-11 12:43:53.779452,2026-05-11 12:43:53.779452
351,SENSOR-A101-01,1,58.83789,8.0,2000,,,,2026-05-11 12:43:57.055283,2026-05-11 12:43:57.055283
352,SENSOR-A101-01,1,58.10547,8.0,2000,,,,2026-05-11 12:43:59.924339,2026-05-11 12:43:59.924339
353,SENSOR-A101-01,1,49.07227,1007.0,2000,,,,2026-05-11 12:44:02.789441,2026-05-11 12:44:02.789441
354,SENSOR-A101-01,1,48.0957,8.0,2000,,,,2026-05-11 12:44:05.656561,2026-05-11 12:44:05.656561
355,SENSOR-A101-01,1,62.74414,8.0,2000,,,,2026-05-11 12:44:08.325359,2026-05-11 12:44:08.325359
356,SENSOR-A101-01,1,77.63672,1006.0,2000,,,,2026-05-11 12:44:11.396550,2026-05-11 12:44:11.396550
357,SENSOR-A101-01,1,56.39648,1006.0,2000,,,,2026-05-11 12:44:14.582232,2026-05-11 12:44:14.582232
358,SENSOR-A101-01,1,51.51367,8.0,2000,,,,2026-05-11 12:44:17.474762,2026-05-11 12:44:17.474762
359,SENSOR-A101-01,1,40.2832,8.0,2000,,,,2026-05-11 12:44:20.711512,2026-05-11 12:44:20.711512
360,SENSOR-A101-01,1,45.16602,8.0,2000,,,,2026-05-11 12:44:23.482466,2026-05-11 12:44:23.482466
361,SENSOR-A101-01,1,52.73438,8.0,2000,,,,2026-05-11 12:44:26.343990,2026-05-11 12:44:26.343990
362,SENSOR-A101-01,1,39.79492,8.0,2000,,,,2026-05-11 12:44:29.110224,2026-05-11 12:44:29.110224
363,SENSOR-A101-01,1,55.66406,1007.0,2000,,,,2026-05-11 12:44:31.872852,2026-05-11 12:44:31.872852
364,SENSOR-A101-01,1,44.67773,1006.0,2000,,,,2026-05-11 12:44:34.741661,2026-05-11 12:44:34.741661
365,SENSOR-A101-01,1,50.78125,8.0,2000,,,,2026-05-11 12:44:37.811962,2026-05-11 12:44:37.811962
366,SENSOR-A101-01,1,46.875,7.0,2000,,,,2026-05-11 12:44:40.689459,2026-05-11 12:44:40.689459
367,SENSOR-A101-01,1,42.23633,8.0,2000,,,,2026-05-11 12:44:43.605477,2026-05-11 12:44:43.605477
368,SENSOR-A101-01,1,77.39258,8.0,2000,,,,2026-05-11 12:44:46.207357,2026-05-11 12:44:46.207357
369,SENSOR-A101-01,1,66.40625,7.0,2000,,,,2026-05-11 12:44:49.182524,2026-05-11 12:44:49.182524
370,SENSOR-A101-01,1,40.03906,7.0,2000,,,,2026-05-11 12:44:51.948235,2026-05-11 12:44:51.948235
371,SENSOR-A101-01,1,38.81836,1006.0,2000,,,,2026-05-11 12:44:54.605641,2026-05-11 12:44:54.605641
372,SENSOR-A101-01,1,44.18945,1006.0,2000,,,,2026-05-11 12:44:57.374367,2026-05-11 12:44:57.374367
373,SENSOR-A101-01,1,40.2832,8.0,2000,,,,2026-05-11 12:50:49.794413,2026-05-11 12:50:49.794413
374,SENSOR-A101-01,1,69.0918,7.0,2000,,,,2026-05-11 12:50:52.499942,2026-05-11 12:50:52.499942
375,SENSOR-A101-01,1,41.25977,1006.0,2000,,,,2026-05-11 12:50:55.833897,2026-05-11 12:50:55.833897
376,SENSOR-A101-01,1,41.25977,1006.0,2000,,,,2026-05-11 12:50:59.052617,2026-05-11 12:50:59.052617
377,SENSOR-A101-01,1,57.61719,7.0,2000,,,,2026-05-11 12:51:02.164463,2026-05-11 12:51:02.164463
378,SENSOR-A101-01,1,88.86719,7.0,2000,,,,2026-05-11 12:51:05.193732,2026-05-11 12:51:05.193732
379,SENSOR-A101-01,1,94.72656,1006.0,2000,,,,2026-05-11 12:51:08.271414,2026-05-11 12:51:08.271414
380,SENSOR-A101-01,1,41.25977,1006.0,2000,,,,2026-05-11 12:51:11.233262,2026-05-11 12:51:11.233262
381,SENSOR-A101-01,1,39.0625,1005.0,2000,,,,2026-05-11 12:51:14.308621,2026-05-11 12:51:14.308621
382,SENSOR-A101-01,1,124.0234,1006.0,2000,,,,2026-05-11 12:51:17.302585,2026-05-11 12:51:17.302585
383,SENSOR-A101-01,1,92.28516,1007.0,2000,,,,2026-05-11 12:51:20.455479,2026-05-11 12:51:20.455479
384,SENSOR-A101-01,1,55.66406,7.0,2000,,,,2026-05-11 12:51:23.425602,2026-05-11 12:51:23.425602
385,SENSOR-A101-01,1,102.0508,1006.0,2000,,,,2026-05-11 12:51:26.494341,2026-05-11 12:51:26.494341
386,SENSOR-A101-01,1,79.83398,1006.0,2000,,,,2026-05-11 12:51:29.456166,2026-05-11 12:51:29.456166
387,SENSOR-A101-01,1,124.7559,7.0,2000,,,,2026-05-11 12:51:32.432732,2026-05-11 12:51:32.432732
388,SENSOR-A101-01,1,84.47266,7.0,2000,,,,2026-05-11 12:51:35.297794,2026-05-11 12:51:35.297794
389,SENSOR-A101-01,1,73.97461,8.0,2000,,,,2026-05-11 12:51:38.269754,2026-05-11 12:51:38.269754
390,SENSOR-A101-01,1,67.13867,7.0,2000,,,,2026-05-11 12:51:41.238513,2026-05-11 12:51:41.238513
391,SENSOR-A101-01,1,70.3125,1006.0,2000,,,,2026-05-11 12:51:44.308404,2026-05-11 12:51:44.308404
392,SENSOR-A101-01,1,62.01172,8.0,2000,,,,2026-05-11 12:51:47.175273,2026-05-11 12:51:47.175273
393,SENSOR-A101-01,1,49.07227,8.0,2000,,,,2026-05-11 12:51:50.254247,2026-05-11 12:51:50.254247
394,SENSOR-A101-01,1,112.793,7.0,2000,,,,2026-05-11 12:51:53.116037,2026-05-11 12:51:53.116037
395,SENSOR-A101-01,1,104.248,8.0,2000,,,,2026-05-11 12:51:56.082998,2026-05-11 12:51:56.082998
396,SENSOR-A101-01,1,108.8867,8.0,2000,,,,2026-05-11 12:51:58.849822,2026-05-11 12:51:58.849822
397,SENSOR-A101-01,1,65.91797,1006.0,2000,,,,2026-05-11 12:52:01.847319,2026-05-11 12:52:01.847319
398,SENSOR-A101-01,1,40.03906,1005.0,2000,,,,2026-05-11 12:52:07.310679,2026-05-11 12:52:07.310679
399,SENSOR-A101-01,1,51.75781,1005.0,2000,,,,2026-05-11 12:52:12.572937,2026-05-11 12:52:12.572937
400,SENSOR-A101-01,1,54.93164,7.0,2000,,,,2026-05-11 12:52:15.585452,2026-05-11 12:52:15.585452
401,SENSOR-A101-01,1,55.9082,8.0,2000,,,,2026-05-11 12:52:20.923484,2026-05-11 12:52:20.923484
402,SENSOR-A101-01,1,54.19922,8.0,2000,,,,2026-05-11 12:52:23.832952,2026-05-11 12:52:23.832952
403,SENSOR-A101-01,1,69.82422,1005.0,2000,,,,2026-05-11 12:52:27.687997,2026-05-11 12:52:27.687997
404,SENSOR-A101-01,1,48.0957,8.0,2000,,,,2026-05-11 12:52:32.640761,2026-05-11 12:52:32.640761
405,SENSOR-A101-01,1,39.55078,7.0,2000,,,,2026-05-11 12:52:35.712812,2026-05-11 12:52:35.712812
406,SENSOR-A101-01,1,124.7559,8.0,2000,,,,2026-05-11 12:52:38.169698,2026-05-11 12:52:38.169698
407,SENSOR-A101-01,1,66.40625,1006.0,2000,,,,2026-05-11 12:52:41.628634,2026-05-11 12:52:41.628634
408,SENSOR-A101-01,1,82.51953,1007.0,2000,,,,2026-05-11 12:52:47.016077,2026-05-11 12:52:47.016077
409,SENSOR-A101-01,1,57.12891,8.0,2000,,,,2026-05-11 12:52:50.470028,2026-05-11 12:52:50.470028
410,SENSOR-A101-01,1,47.11914,7.0,2000,,,,2026-05-11 12:52:54.785762,2026-05-11 12:52:54.785762
411,SENSOR-A101-01,1,63.47656,1006.0,2000,,,,2026-05-11 12:52:58.660194,2026-05-11 12:52:58.660194
412,SENSOR-A101-01,1,68.84766,8.0,2000,,,,2026-05-11 12:53:02.448271,2026-05-11 12:53:02.448271
413,SENSOR-A101-01,1,39.55078,1006.0,2000,,,,2026-05-11 12:53:06.947185,2026-05-11 12:53:06.947185
414,SENSOR-A101-01,1,64.45313,8.0,2000,,,,2026-05-11 12:53:11.655074,2026-05-11 12:53:11.655074
415,SENSOR-A101-01,1,41.99219,8.0,2000,,,,2026-05-11 12:53:15.294588,2026-05-11 12:53:15.294588
416,SENSOR-A101-01,1,92.04102,1007.0,2000,,,,2026-05-11 12:53:18.652229,2026-05-11 12:53:18.652229
417,SENSOR-A101-01,1,55.17578,1007.0,2000,,,,2026-05-11 12:53:22.330076,2026-05-11 12:53:22.330076
418,SENSOR-A101-01,1,83.00781,8.0,2000,,,,2026-05-11 12:53:25.402971,2026-05-11 12:53:25.402971
419,SENSOR-A101-01,1,48.33984,8.0,2000,,,,2026-05-11 12:53:29.592806,2026-05-11 12:53:29.592806
420,SENSOR-A101-01,1,48.0957,7.0,2000,,,,2026-05-11 12:53:35.283529,2026-05-11 12:53:35.283529
421,SENSOR-A101-01,1,59.57031,1005.0,2000,,,,2026-05-11 12:53:38.711246,2026-05-11 12:53:38.711246
422,SENSOR-A101-01,1,65.67383,8.0,2000,,,,2026-05-11 12:53:53.596686,2026-05-11 12:53:53.596686
423,SENSOR-A101-01,1,41.25977,1006.0,2000,,,,2026-05-11 12:54:01.011073,2026-05-11 12:54:01.011073
424,SENSOR-A101-01,1,52.00195,1006.0,2000,,,,2026-05-11 12:54:06.337739,2026-05-11 12:54:06.337739
425,SENSOR-A101-01,1,47.60742,8.0,2000,,,,2026-05-11 12:54:09.743755,2026-05-11 12:54:09.743755
426,SENSOR-A101-01,1,91.79688,8.0,2000,,,,2026-05-11 12:54:14.557577,2026-05-11 12:54:14.557577
427,SENSOR-A101-01,1,58.59375,1006.0,2000,,,,2026-05-11 12:54:19.300353,2026-05-11 12:54:19.300353
428,SENSOR-A101-01,1,58.83789,7.0,2000,,,,2026-05-11 12:54:24.166347,2026-05-11 12:54:24.166347
429,SENSOR-A101-01,1,40.52734,8.0,2000,,,,2026-05-11 12:54:30.445630,2026-05-11 12:54:30.445630
430,SENSOR-A101-01,1,41.25977,7.0,2000,,,,2026-05-11 12:54:34.886289,2026-05-11 12:54:34.886289
431,SENSOR-A101-01,1,42.72461,7.0,2000,,,,2026-05-11 12:54:39.225864,2026-05-11 12:54:39.225864
432,SENSOR-A101-01,1,68.35938,7.0,2000,,,,2026-05-11 12:54:42.583957,2026-05-11 12:54:42.583957
433,SENSOR-A101-01,1,52.49023,7.0,2000,,,,2026-05-11 12:54:46.295530,2026-05-11 12:54:46.295530
434,SENSOR-A101-01,1,73.24219,8.0,2000,,,,2026-05-11 12:54:50.155499,2026-05-11 12:54:50.155499
435,SENSOR-A101-01,1,49.31641,7.0,2000,,,,2026-05-11 12:54:52.930378,2026-05-11 12:54:52.930378
436,SENSOR-A101-01,1,52.73438,7.0,2000,,,,2026-05-11 12:54:55.889334,2026-05-11 12:54:55.889334
437,SENSOR-A101-01,1,83.49609,1007.0,2000,,,,2026-05-11 12:54:58.961107,2026-05-11 12:54:58.961107
438,SENSOR-A101-01,1,53.95508,1007.0,2000,,,,2026-05-11 12:55:02.338982,2026-05-11 12:55:02.338982
439,SENSOR-A101-01,1,73.48633,7.0,2000,,,,2026-05-11 12:55:05.313577,2026-05-11 12:55:05.313577
440,SENSOR-A101-01,1,38.33008,1006.0,2000,,,,2026-05-11 12:55:08.493672,2026-05-11 12:55:08.493672
441,SENSOR-A101-01,1,39.79492,1007.0,2000,,,,2026-05-11 12:55:11.657749,2026-05-11 12:55:11.657749
442,SENSOR-A101-01,1,52.73438,1006.0,2000,,,,2026-05-11 12:55:26.713222,2026-05-11 12:55:26.713222
443,SENSOR-A101-01,1,52.49023,1007.0,2000,,,,2026-05-11 12:55:29.990571,2026-05-11 12:55:29.990571
444,SENSOR-A101-01,1,67.87109,7.0,2000,,,,2026-05-11 12:55:33.062877,2026-05-11 12:55:33.062877
445,SENSOR-A101-01,1,70.06836,1006.0,2000,,,,2026-05-11 12:55:35.928339,2026-05-11 12:55:35.928339
446,SENSOR-A101-01,1,57.61719,700.0,2000,,,,2026-05-11 12:55:38.592338,2026-05-11 12:55:38.592338
447,SENSOR-A101-01,1,66.89453,7.0,2000,,,,2026-05-11 12:55:41.252404,2026-05-11 12:55:41.252404
448,SENSOR-A101-01,1,46.875,1006.0,2000,,,,2026-05-11 12:55:44.422327,2026-05-11 12:55:44.422327
449,SENSOR-A101-01,1,42.23633,7.0,2000,,,,2026-05-11 12:55:47.396514,2026-05-11 12:55:47.396514
450,SENSOR-A101-01,1,39.30664,7.0,2000,,,,2026-05-11 12:55:51.247438,2026-05-11 12:55:51.247438
451,SENSOR-A101-01,1,59.32617,7.0,2000,,,,2026-05-11 12:55:55.446104,2026-05-11 12:55:55.446104
452,SENSOR-A101-01,1,78.85742,7.0,2000,,,,2026-05-11 12:56:00.297069,2026-05-11 12:56:00.297069
453,SENSOR-A101-01,1,40.52734,7.0,2000,,,,2026-05-11 12:56:03.789426,2026-05-11 12:56:03.789426
454,SENSOR-A101-01,1,66.65039,7.0,2000,,,,2026-05-11 12:56:07.264219,2026-05-11 12:56:07.264219
455,SENSOR-A101-01,1,39.79492,7.0,2000,,,,2026-05-11 12:56:11.768447,2026-05-11 12:56:11.768447
456,SENSOR-A101-01,1,38.81836,1005.0,2000,,,,2026-05-11 12:56:14.456116,2026-05-11 12:56:14.456116
457,SENSOR-A101-01,1,53.4668,8.0,2000,,,,2026-05-11 12:56:18.113935,2026-05-11 12:56:18.113935
458,SENSOR-A101-01,1,39.79492,8.0,2000,,,,2026-05-11 12:56:21.836010,2026-05-11 12:56:21.836010
459,SENSOR-A101-01,1,82.27539,8.0,2000,,,,2026-05-11 12:56:24.891557,2026-05-11 12:56:24.891557
460,SENSOR-A101-01,1,68.60352,1007.0,2000,,,,2026-05-11 12:56:28.604983,2026-05-11 12:56:28.604983
461,SENSOR-A101-01,1,39.0625,1007.0,2000,,,,2026-05-11 12:56:33.576718,2026-05-11 12:56:33.576718
462,SENSOR-A101-01,1,39.30664,8.0,2000,,,,2026-05-11 12:56:36.851455,2026-05-11 12:56:36.851455
463,SENSOR-A101-01,1,91.06445,8.0,2000,,,,2026-05-11 12:56:39.728521,2026-05-11 12:56:39.728521
464,SENSOR-A101-01,1,44.92188,8.0,2000,,,,2026-05-11 12:56:43.101298,2026-05-11 12:56:43.101298
465,SENSOR-A101-01,1,41.25977,1006.0,2000,,,,2026-05-11 12:56:46.089300,2026-05-11 12:56:46.089300
466,SENSOR-A101-01,1,57.37305,8.0,2000,,,,2026-05-11 12:56:49.142105,2026-05-11 12:56:49.142105
467,SENSOR-A101-01,1,39.79492,7.0,2000,,,,2026-05-11 12:56:52.315185,2026-05-11 12:56:52.315185
468,SENSOR-A101-01,1,39.79492,7.0,2000,,,,2026-05-11 12:57:05.045184,2026-05-11 12:57:05.045184
469,SENSOR-A101-01,1,70.3125,8.0,2000,,,,2026-05-11 12:57:15.367193,2026-05-11 12:57:15.367193
470,SENSOR-A101-01,1,75.92773,1006.0,2000,,,,2026-05-11 12:57:19.082507,2026-05-11 12:57:19.082507
471,SENSOR-A101-01,1,75.68359,700.0,2000,,,,2026-05-11 12:57:23.143543,2026-05-11 12:57:23.143543
472,SENSOR-A101-01,1,66.16211,8.0,2000,,,,2026-05-11 12:57:26.456151,2026-05-11 12:57:26.456151
473,SENSOR-A101-01,1,59.57031,700.0,2000,,,,2026-05-11 12:57:29.697664,2026-05-11 12:57:29.697664
474,SENSOR-A101-01,1,57.61719,7.0,2000,,,,2026-05-11 12:57:32.784374,2026-05-11 12:57:32.784374
475,SENSOR-A101-01,1,40.03906,5.0,2000,,,,2026-05-11 12:57:35.699980,2026-05-11 12:57:35.699980
476,SENSOR-A101-01,1,48.82813,700.0,2000,,,,2026-05-11 12:57:38.321839,2026-05-11 12:57:38.321839
477,SENSOR-A101-01,1,91.30859,700.0,2000,,,,2026-05-11 12:57:41.460219,2026-05-11 12:57:41.460219
478,SENSOR-A101-01,1,39.55078,8.0,2000,,,,2026-05-11 12:57:44.640149,2026-05-11 12:57:44.640149
479,SENSOR-A101-01,1,39.0625,1005.0,2000,,,,2026-05-11 12:57:47.300888,2026-05-11 12:57:47.300888
480,SENSOR-A101-01,1,38.57422,1006.0,2000,,,,2026-05-11 12:57:50.678788,2026-05-11 12:57:50.678788
481,SENSOR-A101-01,1,40.03906,8.0,2000,,,,2026-05-11 12:57:53.242407,2026-05-11 12:57:53.242407
482,SENSOR-A101-01,1,39.79492,8.0,2000,,,,2026-05-11 12:57:56.207273,2026-05-11 12:57:56.207273
483,SENSOR-A101-01,1,39.55078,8.0,2000,,,,2026-05-11 12:57:58.981789,2026-05-11 12:57:58.981789
484,SENSOR-A101-01,1,113.0371,8.0,2000,,,,2026-05-11 12:58:01.841411,2026-05-11 12:58:01.841411
485,SENSOR-A101-01,1,91.30859,8.0,2000,,,,2026-05-11 12:58:05.524172,2026-05-11 12:58:05.524172
486,SENSOR-A101-01,1,39.55078,8.0,2000,,,,2026-05-11 12:58:08.600402,2026-05-11 12:58:08.600402
487,SENSOR-A101-01,1,40.52734,7.0,2000,,,,2026-05-11 12:58:11.463754,2026-05-11 12:58:11.463754
488,SENSOR-A101-01,1,44.67773,6.0,2000,,,,2026-05-11 12:58:14.334534,2026-05-11 12:58:14.334534
489,SENSOR-A101-01,1,64.69727,7.0,2000,,,,2026-05-11 12:58:16.995642,2026-05-11 12:58:16.995642
490,SENSOR-A101-01,1,81.54297,8.0,2000,,,,2026-05-11 12:58:19.869664,2026-05-11 12:58:19.869664
491,SENSOR-A101-01,1,76.9043,9.0,2000,,,,2026-05-11 12:58:22.746860,2026-05-11 12:58:22.746860
492,SENSOR-A101-01,1,57.86133,8.0,2000,,,,2026-05-11 12:58:25.825679,2026-05-11 12:58:25.825679
493,SENSOR-A101-01,1,92.28516,8.0,2000,,,,2026-05-11 12:58:28.894972,2026-05-11 12:58:28.894972
494,SENSOR-A101-01,1,53.95508,7.0,2000,,,,2026-05-11 12:58:32.257946,2026-05-11 12:58:32.257946
495,SENSOR-A101-01,1,48.0957,8.0,2000,,,,2026-05-11 12:58:35.427457,2026-05-11 12:58:35.427457
496,SENSOR-A101-01,1,50.29297,8.0,2000,,,,2026-05-11 12:58:38.913399,2026-05-11 12:58:38.913399
497,SENSOR-A101-01,1,57.61719,8.0,2000,,,,2026-05-11 12:58:42.079777,2026-05-11 12:58:42.079777
498,SENSOR-A101-01,1,54.93164,7.0,2000,,,,2026-05-11 12:58:45.052762,2026-05-11 12:58:45.052762
499,SENSOR-A101-01,1,42.48047,9.0,2000,,,,2026-05-11 12:58:47.830716,2026-05-11 12:58:47.830716
500,SENSOR-A101-01,1,40.03906,8.0,2000,,,,2026-05-11 12:58:50.479653,2026-05-11 12:58:50.479653
501,SENSOR-A101-01,1,40.52734,8.0,2000,,,,2026-05-11 12:58:53.152531,2026-05-11 12:58:53.152531
502,SENSOR-A101-01,1,40.52734,8.0,2000,,,,2026-05-11 12:58:55.707239,2026-05-11 12:58:55.707239
503,SENSOR-A101-01,1,39.79492,8.0,2000,,,,2026-05-11 12:58:58.366238,2026-05-11 12:58:58.366238
504,SENSOR-A101-01,1,84.47266,8.0,2000,,,,2026-05-11 12:59:00.826958,2026-05-11 12:59:00.826958
505,SENSOR-A101-01,1,91.55273,8.0,2000,,,,2026-05-11 12:59:03.894984,2026-05-11 12:59:03.894984
506,SENSOR-A101-01,1,41.50391,8.0,2000,,,,2026-05-11 12:59:06.966646,2026-05-11 12:59:06.966646
507,SENSOR-A101-01,1,53.4668,700.0,2000,,,,2026-05-11 12:59:09.727890,2026-05-11 12:59:09.727890
508,SENSOR-A101-01,1,84.96094,7.0,2000,,,,2026-05-11 12:59:13.001926,2026-05-11 12:59:13.001926
509,SENSOR-A101-01,1,47.85156,7.0,2000,,,,2026-05-11 12:59:16.385065,2026-05-11 12:59:16.385065
510,SENSOR-A101-01,1,41.74805,8.0,2000,,,,2026-05-11 12:59:19.250266,2026-05-11 12:59:19.250266
511,SENSOR-A101-01,1,41.74805,8.0,2000,,,,2026-05-11 12:59:22.219501,2026-05-11 12:59:22.219501
512,SENSOR-A101-01,1,41.01563,8.0,2000,,,,2026-05-11 12:59:24.992707,2026-05-11 12:59:24.992707
513,SENSOR-A101-01,1,41.01563,9.0,2000,,,,2026-05-11 12:59:27.443763,2026-05-11 12:59:27.443763
514,SENSOR-A101-01,1,41.25977,9.0,2000,,,,2026-05-11 12:59:30.106672,2026-05-11 12:59:30.106672
515,SENSOR-A101-01,1,52.97852,1006.0,2000,,,,2026-05-11 12:59:32.981309,2026-05-11 12:59:32.981309
516,SENSOR-A101-01,1,44.18945,8.0,2000,,,,2026-05-11 12:59:47.923370,2026-05-11 12:59:47.923370
517,SENSOR-A101-01,1,41.99219,8.0,2000,,,,2026-05-11 12:59:50.997077,2026-05-11 12:59:50.997077
518,SENSOR-A101-01,1,42.48047,7.0,2000,,,,2026-05-11 12:59:54.279125,2026-05-11 12:59:54.279125
519,SENSOR-A101-01,1,43.70117,8.0,2000,,,,2026-05-11 12:59:56.735079,2026-05-11 12:59:56.735079
520,SENSOR-A101-01,1,55.41992,700.0,2000,,,,2026-05-11 13:00:00.008011,2026-05-11 13:00:00.008011
521,SENSOR-A101-01,1,43.70117,700.0,2000,,,,2026-05-11 13:00:03.078500,2026-05-11 13:00:03.078500
522,SENSOR-A101-01,1,60.54688,700.0,2000,,,,2026-05-11 13:00:05.945298,2026-05-11 13:00:05.945298
523,SENSOR-A101-01,1,53.22266,700.0,2000,,,,2026-05-11 13:00:09.024276,2026-05-11 13:00:09.024276
524,SENSOR-A101-01,1,61.03516,700.0,2000,,,,2026-05-11 13:00:12.192490,2026-05-11 13:00:12.192490
525,SENSOR-A101-01,1,47.60742,8.0,2000,,,,2026-05-11 13:00:14.968219,2026-05-11 13:00:14.968219
526,SENSOR-A101-01,1,54.19922,8.0,2000,,,,2026-05-11 13:00:18.026980,2026-05-11 13:00:18.026980
527,SENSOR-A101-01,1,43.70117,8.0,2000,,,,2026-05-11 13:00:21.607784,2026-05-11 13:00:21.607784
528,SENSOR-A101-01,1,41.25977,8.0,2000,,,,2026-05-11 13:00:24.377459,2026-05-11 13:00:24.377459
529,SENSOR-A101-01,1,41.01563,8.0,2000,,,,2026-05-11 13:00:26.852198,2026-05-11 13:00:26.852198
530,SENSOR-A101-01,1,44.67773,8.0,2000,,,,2026-05-11 13:00:29.499399,2026-05-11 13:00:29.499399
531,SENSOR-A101-01,1,40.77148,7.0,2000,,,,2026-05-11 13:00:32.133176,2026-05-11 13:00:32.133176
532,SENSOR-A101-01,1,41.01563,8.0,2000,,,,2026-05-11 13:00:34.818330,2026-05-11 13:00:34.818330
533,SENSOR-A101-01,1,41.01563,7.0,2000,,,,2026-05-11 13:00:37.284114,2026-05-11 13:00:37.284114
534,SENSOR-A101-01,1,40.2832,1006.0,2000,,,,2026-05-11 13:00:40.145975,2026-05-11 13:00:40.145975
535,SENSOR-A101-01,1,62.01172,8.0,2000,,,,2026-05-11 13:00:43.223734,2026-05-11 13:00:43.223734
536,SENSOR-A101-01,1,40.77148,9.0,2000,,,,2026-05-11 13:00:46.293210,2026-05-11 13:00:46.293210
537,SENSOR-A101-01,1,41.25977,8.0,2000,,,,2026-05-11 13:00:49.239219,2026-05-11 13:00:49.239219
538,SENSOR-A101-01,1,58.34961,8.0,2000,,,,2026-05-11 13:00:51.820163,2026-05-11 13:00:51.820163
539,SENSOR-A101-01,1,41.25977,1006.0,2000,,,,2026-05-11 13:00:55.424218,2026-05-11 13:00:55.424218
540,SENSOR-A101-01,1,52.49023,8.0,2000,,,,2026-05-11 13:00:58.169725,2026-05-11 13:00:58.169725
541,SENSOR-A101-01,1,57.37305,8.0,2000,,,,2026-05-11 13:01:01.240258,2026-05-11 13:01:01.240258
542,SENSOR-A101-01,1,67.13867,1007.0,2000,,,,2026-05-11 13:01:04.644730,2026-05-11 13:01:04.644730
543,SENSOR-A101-01,1,90.08789,8.0,2000,,,,2026-05-11 13:01:07.793468,2026-05-11 13:01:07.793468
544,SENSOR-A101-01,1,54.44336,8.0,2000,,,,2026-05-11 13:01:11.172333,2026-05-11 13:01:11.172333
545,SENSOR-A101-01,1,68.60352,9.0,2000,,,,2026-05-11 13:01:14.112393,2026-05-11 13:01:14.112393
546,SENSOR-A101-01,1,42.96875,7.0,2000,,,,2026-05-11 13:01:17.214996,2026-05-11 13:01:17.214996
547,SENSOR-A101-01,1,39.55078,1006.0,2000,,,,2026-05-11 13:01:19.974807,2026-05-11 13:01:19.974807
548,SENSOR-A101-01,1,41.50391,7.0,2000,,,,2026-05-11 13:01:23.052071,2026-05-11 13:01:23.052071
549,SENSOR-A101-01,1,43.21289,700.0,2000,,,,2026-05-11 13:01:25.740237,2026-05-11 13:01:25.740237
550,SENSOR-A101-01,1,43.45703,7.0,2000,,,,2026-05-11 13:01:28.580872,2026-05-11 13:01:28.580872
551,SENSOR-A101-01,1,59.08203,7.0,2000,,,,2026-05-11 13:01:31.652949,2026-05-11 13:01:31.652949
552,SENSOR-A101-01,1,45.41016,8.0,2000,,,,2026-05-11 13:01:34.726188,2026-05-11 13:01:34.726188
553,SENSOR-A101-01,1,55.9082,8.0,2000,,,,2026-05-11 13:01:38.097826,2026-05-11 13:01:38.097826
554,SENSOR-A101-01,1,43.70117,8.0,2000,,,,2026-05-11 13:01:40.875575,2026-05-11 13:01:40.875575
555,SENSOR-A101-01,1,41.01563,1006.0,2000,,,,2026-05-11 13:01:44.073414,2026-05-11 13:01:44.073414
556,SENSOR-A101-01,1,41.74805,8.0,2000,,,,2026-05-11 13:01:46.805376,2026-05-11 13:01:46.805376
557,SENSOR-A101-01,1,42.23633,8.0,2000,,,,2026-05-11 13:01:49.440961,2026-05-11 13:01:49.440961
558,SENSOR-A101-01,1,40.77148,8.0,2000,,,,2026-05-11 13:01:52.331729,2026-05-11 13:01:52.331729
559,SENSOR-A101-01,1,40.77148,8.0,2000,,,,2026-05-11 13:01:54.996732,2026-05-11 13:01:54.996732
560,SENSOR-A101-01,1,84.22852,8.0,2000,,,,2026-05-11 13:01:57.659833,2026-05-11 13:01:57.659833
561,SENSOR-A101-01,1,92.77344,700.0,2000,,,,2026-05-11 13:02:00.736532,2026-05-11 13:02:00.736532
562,SENSOR-A101-01,1,45.16602,1006.0,2000,,,,2026-05-11 13:02:03.945320,2026-05-11 13:02:03.945320
563,SENSOR-A101-01,1,84.47266,700.0,2000,,,,2026-05-11 13:02:06.680214,2026-05-11 13:02:06.680214
564,SENSOR-A101-01,1,41.50391,700.0,2000,,,,2026-05-11 13:02:09.744727,2026-05-11 13:02:09.744727
565,SENSOR-A101-01,1,41.01563,700.0,2000,,,,2026-05-11 13:02:12.814749,2026-05-11 13:02:12.814749
566,SENSOR-A101-01,1,43.21289,700.0,2000,,,,2026-05-11 13:02:15.885904,2026-05-11 13:02:15.885904
567,SENSOR-A101-01,1,39.30664,700.0,2000,,,,2026-05-11 13:02:19.164501,2026-05-11 13:02:19.164501
568,SENSOR-A101-01,1,43.21289,700.0,2000,,,,2026-05-11 13:02:22.461842,2026-05-11 13:02:22.461842
569,SENSOR-A101-01,1,104.0039,700.0,2000,,,,2026-05-11 13:02:25.515011,2026-05-11 13:02:25.515011
570,SENSOR-A101-01,1,53.4668,700.0,2000,,,,2026-05-11 13:02:28.585942,2026-05-11 13:02:28.585942
571,SENSOR-A101-01,1,43.94531,700.0,2000,,,,2026-05-11 13:02:31.658037,2026-05-11 13:02:31.658037
572,SENSOR-A101-01,1,49.80469,700.0,2000,,,,2026-05-11 13:02:37.283793,2026-05-11 13:02:37.283793
573,SENSOR-A101-01,1,45.16602,700.0,2000,,,,2026-05-11 13:02:44.354807,2026-05-11 13:02:44.354807
574,SENSOR-A101-01,1,84.47266,700.0,2000,,,,2026-05-11 13:02:47.837916,2026-05-11 13:02:47.837916
575,SENSOR-A101-01,1,77.88086,700.0,2000,,,,2026-05-11 13:02:52.466571,2026-05-11 13:02:52.466571
576,SENSOR-A101-01,1,46.14258,8.0,2000,,,,2026-05-11 13:03:08.219504,2026-05-11 13:03:08.219504
577,SENSOR-A101-01,1,50.78125,10.0,2000,,,,2026-05-11 13:03:11.604899,2026-05-11 13:03:11.604899
578,SENSOR-A101-01,1,53.71094,1005.0,2000,,,,2026-05-11 13:03:14.893946,2026-05-11 13:03:14.893946
579,SENSOR-A101-01,1,54.19922,7.0,2000,,,,2026-05-11 13:03:17.943161,2026-05-11 13:03:17.943161
580,SENSOR-A101-01,1,57.12891,1007.0,2000,,,,2026-05-11 13:03:21.143812,2026-05-11 13:03:21.143812
581,SENSOR-A101-01,1,65.67383,8.0,2000,,,,2026-05-11 13:03:24.290599,2026-05-11 13:03:24.290599
582,SENSOR-A101-01,1,68.84766,700.0,2000,,,,2026-05-11 13:03:27.357596,2026-05-11 13:03:27.357596
583,SENSOR-A101-01,1,43.21289,8.0,2000,,,,2026-05-11 13:03:30.635791,2026-05-11 13:03:30.635791
584,SENSOR-A101-01,1,67.87109,1006.0,2000,,,,2026-05-11 13:03:33.713617,2026-05-11 13:03:33.713617
585,SENSOR-A101-01,1,92.77344,8.0,2000,,,,2026-05-11 13:03:36.881335,2026-05-11 13:03:36.881335
586,SENSOR-A101-01,1,84.7168,8.0,2000,,,,2026-05-11 13:03:39.652398,2026-05-11 13:03:39.652398
587,SENSOR-A101-01,1,59.57031,1007.0,2000,,,,2026-05-11 13:03:42.516401,2026-05-11 13:03:42.516401
588,SENSOR-A101-01,1,58.34961,8.0,2000,,,,2026-05-11 13:03:45.380953,2026-05-11 13:03:45.380953
589,SENSOR-A101-01,1,47.60742,7.0,2000,,,,2026-05-13 02:13:47.182808,2026-05-13 02:13:47.182808
590,SENSOR-A101-01,1,45.16602,8.0,2000,,,,2026-05-13 02:13:49.605554,2026-05-13 02:13:49.605554
591,SENSOR-A101-01,1,56.64063,8.0,2000,,,,2026-05-13 02:13:52.066239,2026-05-13 02:13:52.066239
592,SENSOR-A101-01,1,50.04883,8.0,2000,,,,2026-05-13 02:13:54.532438,2026-05-13 02:13:54.532438
593,SENSOR-A101-01,1,44.43359,8.0,2000,,,,2026-05-13 02:13:56.980387,2026-05-13 02:13:56.980387
594,SENSOR-A101-01,1,43.45703,8.0,2000,,,,2026-05-13 02:13:59.439992,2026-05-13 02:13:59.439992
595,SENSOR-A101-01,1,43.70117,7.0,2000,,,,2026-05-13 02:14:01.894598,2026-05-13 02:14:01.894598
596,SENSOR-A101-01,1,45.89844,8.0,2000,,,,2026-05-13 02:14:04.352572,2026-05-13 02:14:04.352572
597,SENSOR-A101-01,1,44.92188,8.0,2000,,,,2026-05-13 02:14:06.825207,2026-05-13 02:14:06.825207
598,SENSOR-A101-01,1,48.0957,9.0,2000,,,,2026-05-13 02:14:09.266045,2026-05-13 02:14:09.266045
599,SENSOR-A101-01,1,65.42969,5.0,2000,,,,2026-05-13 02:14:11.725738,2026-05-13 02:14:11.725738
600,SENSOR-A101-01,1,43.21289,8.0,2000,,,,2026-05-13 02:14:14.184854,2026-05-13 02:14:14.184854
601,SENSOR-A101-01,1,43.45703,7.0,2000,,,,2026-05-13 02:14:16.646144,2026-05-13 02:14:16.646144
602,SENSOR-A101-01,1,43.45703,9.0,2000,,,,2026-05-13 02:14:19.098131,2026-05-13 02:14:19.098131
603,SENSOR-A101-01,1,42.72461,8.0,2000,,,,2026-05-13 02:14:21.581042,2026-05-13 02:14:21.581042
604,SENSOR-A101-01,1,44.92188,8.0,2000,,,,2026-05-13 02:14:24.016850,2026-05-13 02:14:24.016850
605,SENSOR-A101-01,1,45.16602,7.0,2000,,,,2026-05-13 02:14:26.472775,2026-05-13 02:14:26.472775
606,SENSOR-A101-01,1,57.12891,8.0,2000,,,,2026-05-13 02:14:28.932944,2026-05-13 02:14:28.932944
607,SENSOR-A101-01,1,46.875,7.0,2000,,,,2026-05-13 02:14:31.383262,2026-05-13 02:14:31.383262
608,SENSOR-A101-01,1,43.70117,7.0,2000,,,,2026-05-13 02:14:33.856669,2026-05-13 02:14:33.856669
609,SENSOR-A101-01,1,46.38672,7.0,2000,,,,2026-05-13 02:14:36.298697,2026-05-13 02:14:36.298697
610,SENSOR-A101-01,1,45.6543,7.0,2000,,,,2026-05-13 02:14:38.760057,2026-05-13 02:14:38.760057
611,SENSOR-A101-01,1,45.16602,7.0,2000,,,,2026-05-13 02:14:41.420026,2026-05-13 02:14:41.420026
612,SENSOR-A101-01,1,66.40625,8.0,2000,,,,2026-05-13 02:14:43.915042,2026-05-13 02:14:43.915042
613,SENSOR-A101-01,1,65.91797,8.0,2000,,,,2026-05-13 02:14:46.335046,2026-05-13 02:14:46.335046
614,SENSOR-A101-01,1,76.17188,7.0,2000,,,,2026-05-13 02:14:48.996788,2026-05-13 02:14:48.996788
615,SENSOR-A101-01,1,70.06836,8.0,2000,,,,2026-05-13 02:14:51.453497,2026-05-13 02:14:51.453497
616,SENSOR-A101-01,1,66.65039,8.0,2000,,,,2026-05-13 02:14:53.914027,2026-05-13 02:14:53.914027
617,SENSOR-A101-01,1,69.33594,8.0,2000,,,,2026-05-13 02:14:56.369698,2026-05-13 02:14:56.369698
618,SENSOR-A101-01,1,50.78125,8.0,2000,,,,2026-05-13 02:14:58.829857,2026-05-13 02:14:58.829857
619,SENSOR-A101-01,1,54.93164,7.0,2000,,,,2026-05-13 02:15:01.285977,2026-05-13 02:15:01.285977
620,SENSOR-A101-01,1,59.57031,8.0,2000,,,,2026-05-13 02:15:03.743032,2026-05-13 02:15:03.743032
621,SENSOR-A101-01,1,52.73438,7.0,2000,,,,2026-05-13 02:15:06.202239,2026-05-13 02:15:06.202239
622,SENSOR-A101-01,1,49.80469,8.0,2000,,,,2026-05-13 02:15:09.066163,2026-05-13 02:15:09.066163
623,SENSOR-A101-01,1,45.41016,8.0,2000,,,,2026-05-13 02:15:12.663675,2026-05-13 02:15:12.663675
624,SENSOR-A101-01,1,43.94531,8.0,2000,,,,2026-05-13 02:15:15.660270,2026-05-13 02:15:15.660270
625,SENSOR-A101-01,1,64.20898,8.0,2000,,,,2026-05-13 02:15:18.500873,2026-05-13 02:15:18.500873
626,SENSOR-A101-01,1,76.66016,8.0,2000,,,,2026-05-13 02:15:20.945187,2026-05-13 02:15:20.945187
627,SENSOR-A101-01,1,66.40625,8.0,2000,,,,2026-05-13 02:15:23.404590,2026-05-13 02:15:23.404590
628,SENSOR-A101-01,1,58.34961,8.0,2000,,,,2026-05-13 02:15:26.268223,2026-05-13 02:15:26.268223
629,SENSOR-A101-01,1,57.12891,7.0,2000,,,,2026-05-13 02:15:28.726629,2026-05-13 02:15:28.726629
630,SENSOR-A101-01,1,56.39648,7.0,2000,,,,2026-05-13 02:15:31.184062,2026-05-13 02:15:31.184062
631,SENSOR-A101-01,1,125.0,7.0,2000,,,,2026-05-13 02:15:33.641779,2026-05-13 02:15:33.641779
632,SENSOR-A101-01,1,44.92188,7.0,2000,,,,2026-05-13 02:15:36.107488,2026-05-13 02:15:36.107488
633,SENSOR-A101-01,1,43.70117,8.0,2000,,,,2026-05-13 02:15:38.534798,2026-05-13 02:15:38.534798
634,SENSOR-A101-01,1,48.82813,7.0,2000,,,,2026-05-13 02:15:41.018142,2026-05-13 02:15:41.018142
635,SENSOR-A101-01,1,48.0957,8.0,2000,,,,2026-05-13 02:15:43.492057,2026-05-13 02:15:43.492057
636,SENSOR-A101-01,1,61.2793,8.0,2000,,,,2026-05-13 02:15:45.929095,2026-05-13 02:15:45.929095
637,SENSOR-A101-01,1,44.67773,7.0,2000,,,,2026-05-13 02:15:48.387116,2026-05-13 02:15:48.387116
638,SENSOR-A101-01,1,54.19922,8.0,2000,,,,2026-05-13 02:15:51.049727,2026-05-13 02:15:51.049727
639,SENSOR-A101-01,1,57.61719,8.0,2000,,,,2026-05-13 02:15:53.519558,2026-05-13 02:15:53.519558
640,SENSOR-A101-01,1,45.16602,8.0,2000,,,,2026-05-13 02:15:57.200774,2026-05-13 02:15:57.200774
641,SENSOR-A101-01,1,45.89844,7.0,2000,,,,2026-05-13 02:15:59.657775,2026-05-13 02:15:59.657775
642,SENSOR-A101-01,1,46.14258,8.0,2000,,,,2026-05-13 02:16:02.117410,2026-05-13 02:16:02.117410
643,SENSOR-A101-01,1,48.58398,7.0,2000,,,,2026-05-13 02:16:04.772183,2026-05-13 02:16:04.772183
644,SENSOR-A101-01,1,53.4668,8.0,2000,,,,2026-05-13 02:16:07.238141,2026-05-13 02:16:07.238141
645,SENSOR-A101-01,1,46.875,9.0,2000,,,,2026-05-13 02:16:09.892616,2026-05-13 02:16:09.892616
646,SENSOR-A101-01,1,48.58398,8.0,2000,,,,2026-05-13 02:16:12.355524,2026-05-13 02:16:12.355524
647,SENSOR-A101-01,1,73.48633,8.0,2000,,,,2026-05-13 02:16:14.807396,2026-05-13 02:16:14.807396
648,SENSOR-A101-01,1,60.54688,7.0,2000,,,,2026-05-13 02:16:17.272674,2026-05-13 02:16:17.272674
649,SENSOR-A101-01,1,49.56055,7.0,2000,,,,2026-05-13 02:16:19.736876,2026-05-13 02:16:19.736876
650,SENSOR-A101-01,1,53.4668,8.0,2000,,,,2026-05-13 02:16:22.180810,2026-05-13 02:16:22.180810
651,SENSOR-A101-01,1,56.39648,8.0,2000,,,,2026-05-13 02:16:24.645310,2026-05-13 02:16:24.645310
652,SENSOR-A101-01,1,92.04102,8.0,2000,,,,2026-05-13 02:16:27.100537,2026-05-13 02:16:27.100537
653,SENSOR-A101-01,1,49.07227,8.0,2000,,,,2026-05-13 02:16:29.580003,2026-05-13 02:16:29.580003
654,SENSOR-A101-01,1,44.67773,8.0,2000,,,,2026-05-13 02:16:32.008751,2026-05-13 02:16:32.008751
655,SENSOR-A101-01,1,47.85156,7.0,2000,,,,2026-05-13 02:16:34.874776,2026-05-13 02:16:34.874776
656,SENSOR-A101-01,1,53.95508,7.0,2000,,,,2026-05-13 02:16:37.333022,2026-05-13 02:16:37.333022
657,SENSOR-A101-01,1,56.88477,8.0,2000,,,,2026-05-13 02:16:39.995851,2026-05-13 02:16:39.995851
658,SENSOR-A101-01,1,48.58398,8.0,2000,,,,2026-05-13 02:16:42.473406,2026-05-13 02:16:42.473406
659,SENSOR-A101-01,1,47.11914,8.0,2000,,,,2026-05-13 02:16:44.933991,2026-05-13 02:16:44.933991
660,SENSOR-A101-01,1,48.33984,6.0,2000,,,,2026-05-13 02:16:47.370148,2026-05-13 02:16:47.370148
661,SENSOR-A101-01,1,45.89844,8.0,2000,,,,2026-05-13 02:16:49.829362,2026-05-13 02:16:49.829362
662,SENSOR-A101-01,1,53.22266,8.0,2000,,,,2026-05-13 02:16:52.488274,2026-05-13 02:16:52.488274
663,SENSOR-A101-01,1,49.07227,7.0,2000,,,,2026-05-13 02:16:54.951805,2026-05-13 02:16:54.951805
664,SENSOR-A101-01,1,42.23633,9.0,2000,,,,2026-05-13 02:16:57.404331,2026-05-13 02:16:57.404331
665,SENSOR-A101-01,1,53.95508,8.0,2000,,,,2026-05-13 02:16:59.863388,2026-05-13 02:16:59.863388
666,SENSOR-A101-01,1,46.38672,7.0,2000,,,,2026-05-13 02:17:02.338641,2026-05-13 02:17:02.338641
667,SENSOR-A101-01,1,63.23242,10.0,2000,,,,2026-05-13 02:17:04.988253,2026-05-13 02:17:04.988253
668,SENSOR-A101-01,1,77.88086,8.0,2000,,,,2026-05-13 02:17:07.565096,2026-05-13 02:17:07.565096
669,SENSOR-A101-01,1,45.6543,7.0,2000,,,,2026-05-13 02:17:10.790543,2026-05-13 02:17:10.790543
670,SENSOR-A101-01,1,50.04883,8.0,2000,,,,2026-05-13 02:17:13.386192,2026-05-13 02:17:13.386192
671,SENSOR-A101-01,1,44.43359,8.0,2000,,,,2026-05-13 02:17:16.063891,2026-05-13 02:17:16.063891
672,SENSOR-A101-01,1,45.16602,8.0,2000,,,,2026-05-13 02:17:19.032567,2026-05-13 02:17:19.032567
673,SENSOR-A101-01,1,42.96875,8.0,2000,,,,2026-05-13 02:17:24.204443,2026-05-13 02:17:24.204443
674,SENSOR-A101-01,1,91.55273,8.0,2000,,,,2026-05-13 02:17:29.360928,2026-05-13 02:17:29.360928
675,SENSOR-A101-01,1,43.21289,9.0,2000,,,,2026-05-13 02:17:31.829219,2026-05-13 02:17:31.829219
676,SENSOR-A101-01,1,43.45703,8.0,2000,,,,2026-05-13 02:17:34.691300,2026-05-13 02:17:34.691300
677,SENSOR-A101-01,1,44.67773,1007.0,2000,,,,2026-05-13 02:17:37.136360,2026-05-13 02:17:37.136360
678,SENSOR-A101-01,1,52.00195,8.0,2000,,,,2026-05-13 02:17:39.606887,2026-05-13 02:17:39.606887
679,SENSOR-A101-01,1,42.48047,8.0,2000,,,,2026-05-13 02:17:42.277192,2026-05-13 02:17:42.277192
680,SENSOR-A101-01,1,51.02539,8.0,2000,,,,2026-05-13 02:17:44.730007,2026-05-13 02:17:44.730007
681,SENSOR-A101-01,1,64.45313,8.0,2000,,,,2026-05-13 02:17:47.601295,2026-05-13 02:17:47.601295
682,SENSOR-A101-01,1,41.99219,7.0,2000,,,,2026-05-13 02:17:50.260330,2026-05-13 02:17:50.260330
683,SENSOR-A101-01,1,42.23633,8.0,2000,,,,2026-05-13 02:17:52.950193,2026-05-13 02:17:52.950193
684,SENSOR-A101-01,1,43.45703,8.0,2000,,,,2026-05-13 02:17:55.575982,2026-05-13 02:17:55.575982
685,SENSOR-A101-01,1,43.45703,8.0,2000,,,,2026-05-13 02:17:58.046054,2026-05-13 02:17:58.046054
686,SENSOR-A101-01,1,42.96875,8.0,2000,,,,2026-05-13 02:18:00.528197,2026-05-13 02:18:00.528197
687,SENSOR-A101-01,1,60.79102,1006.0,2000,,,,2026-05-13 02:18:03.179907,2026-05-13 02:18:03.179907
688,SENSOR-A101-01,1,46.875,8.0,2000,,,,2026-05-13 02:18:05.819241,2026-05-13 02:18:05.819241
689,SENSOR-A101-01,1,90.0,1000.0,3000,0.5,0.2,1.8,2026-05-13 02:18:07.332822,2026-05-13 02:18:07.332822
690,SENSOR-A101-01,1,42.96875,8.0,2000,,,,2026-05-13 02:18:08.530190,2026-05-13 02:18:08.530190
691,SENSOR-A101-01,1,50.78125,1007.0,2000,,,,2026-05-13 02:18:11.255166,2026-05-13 02:18:11.255166
692,SENSOR-A101-01,1,42.72461,8.0,2000,,,,2026-05-13 02:18:13.907649,2026-05-13 02:18:13.907649
693,SENSOR-A101-01,1,44.43359,1007.0,2000,,,,2026-05-13 02:18:16.689746,2026-05-13 02:18:16.689746
694,SENSOR-A101-01,1,47.60742,8.0,2000,,,,2026-05-13 02:18:19.286730,2026-05-13 02:18:19.286730
695,SENSOR-A101-01,1,45.41016,9.0,2000,,,,2026-05-13 02:18:21.896875,2026-05-13 02:18:21.896875
696,SENSOR-A101-01,1,46.14258,7.0,2000,,,,2026-05-13 02:18:24.457880,2026-05-13 02:18:24.457880
697,SENSOR-A101-01,1,43.45703,8.0,2000,,,,2026-05-13 02:18:27.026400,2026-05-13 02:18:27.026400
698,SENSOR-A101-01,1,43.21289,8.0,2000,,,,2026-05-13 02:18:29.504968,2026-05-13 02:18:29.504968
699,SENSOR-A101-01,1,43.21289,7.0,2000,,,,2026-05-13 02:18:32.298252,2026-05-13 02:18:32.298252
700,SENSOR-A101-01,1,44.92188,8.0,2000,,,,2026-05-13 02:18:34.912472,2026-05-13 02:18:34.912472
701,SENSOR-A101-01,1,42.23633,8.0,2000,,,,2026-05-13 02:18:37.474126,2026-05-13 02:18:37.474126
702,SENSOR-A101-01,1,42.23633,8.0,2000,,,,2026-05-13 02:18:40.157818,2026-05-13 02:18:40.157818
703,SENSOR-A101-01,1,43.94531,8.0,2000,,,,2026-05-13 02:18:42.589681,2026-05-13 02:18:42.589681
704,SENSOR-A101-01,1,43.70117,8.0,2000,,,,2026-05-13 02:18:45.396969,2026-05-13 02:18:45.396969
705,SENSOR-A101-01,1,43.21289,7.0,2000,,,,2026-05-13 02:18:48.320248,2026-05-13 02:18:48.320248
706,SENSOR-A101-01,1,52.97852,8.0,2000,,,,2026-05-13 02:18:50.776822,2026-05-13 02:18:50.776822
707,SENSOR-A101-01,1,48.58398,7.0,2000,,,,2026-05-13 02:18:53.639827,2026-05-13 02:18:53.639827
708,SENSOR-A101-01,1,43.70117,8.0,2000,,,,2026-05-13 02:18:56.141553,2026-05-13 02:18:56.141553
709,SENSOR-A101-01,1,45.6543,9.0,2000,,,,2026-05-13 02:18:58.997236,2026-05-13 02:18:58.997236
710,SENSOR-A101-01,1,52.00195,9.0,2000,,,,2026-05-13 02:19:01.435719,2026-05-13 02:19:01.435719
711,SENSOR-A101-01,1,52.49023,7.0,2000,,,,2026-05-13 02:19:03.888147,2026-05-13 02:19:03.888147
712,SENSOR-A101-01,1,52.49023,8.0,2000,,,,2026-05-13 02:19:06.580844,2026-05-13 02:19:06.580844
713,SENSOR-A101-01,1,45.41016,8.0,2000,,,,2026-05-13 02:19:09.423310,2026-05-13 02:19:09.423310
714,SENSOR-A101-01,1,42.48047,1006.0,2000,,,,2026-05-13 02:19:12.086895,2026-05-13 02:19:12.086895
715,SENSOR-A101-01,1,44.92188,8.0,2000,,,,2026-05-13 02:19:14.543213,2026-05-13 02:19:14.543213
716,SENSOR-A101-01,1,41.99219,8.0,2000,,,,2026-05-13 02:19:17.428455,2026-05-13 02:19:17.428455
717,SENSOR-A101-01,1,43.45703,8.0,2000,,,,2026-05-13 02:19:20.080659,2026-05-13 02:19:20.080659
718,SENSOR-A101-01,1,42.48047,8.0,2000,,,,2026-05-13 02:19:22.952019,2026-05-13 02:19:22.952019
719,SENSOR-A101-01,1,43.45703,8.0,2000,,,,2026-05-13 02:19:25.614786,2026-05-13 02:19:25.614786
720,SENSOR-A101-01,1,56.15234,7.0,2000,,,,2026-05-13 02:19:28.083349,2026-05-13 02:19:28.083349
721,SENSOR-A101-01,1,43.94531,8.0,2000,,,,2026-05-13 02:19:31.550606,2026-05-13 02:19:31.550606
722,SENSOR-A101-01,1,42.96875,8.0,2000,,,,2026-05-13 02:19:35.639412,2026-05-13 02:19:35.639412
723,SENSOR-A101-01,1,43.45703,7.0,2000,,,,2026-05-13 02:19:38.295988,2026-05-13 02:19:38.295988
724,SENSOR-A101-01,1,67.38281,8.0,2000,,,,2026-05-13 02:19:40.771560,2026-05-13 02:19:40.771560
725,SENSOR-A101-01,1,43.45703,8.0,2000,,,,2026-05-13 02:19:43.436636,2026-05-13 02:19:43.436636
726,SENSOR-A101-01,1,42.96875,8.0,2000,,,,2026-05-13 02:19:46.097548,2026-05-13 02:19:46.097548
727,SENSOR-A101-01,1,42.96875,8.0,2000,,,,2026-05-13 02:19:48.954358,2026-05-13 02:19:48.954358
728,SENSOR-A101-01,1,44.43359,8.0,2000,,,,2026-05-13 02:19:51.606360,2026-05-13 02:19:51.606360
729,SENSOR-A101-01,1,42.23633,8.0,2000,,,,2026-05-13 02:19:56.847693,2026-05-13 02:19:56.847693
730,SENSOR-A101-01,1,43.21289,9.0,2000,,,,2026-05-13 02:19:59.599641,2026-05-13 02:19:59.599641
731,SENSOR-A101-01,1,75.68359,8.0,2000,,,,2026-05-13 02:20:02.270021,2026-05-13 02:20:02.270021
732,SENSOR-A101-01,1,58.83789,9.0,2000,,,,2026-05-13 02:20:04.723762,2026-05-13 02:20:04.723762
733,SENSOR-A101-01,1,57.61719,8.0,2000,,,,2026-05-13 02:20:07.205355,2026-05-13 02:20:07.205355
734,SENSOR-A101-01,1,72.50977,7.0,2000,,,,2026-05-13 02:20:09.854712,2026-05-13 02:20:09.854712
735,SENSOR-A101-01,1,50.78125,8.0,2000,,,,2026-05-13 02:20:12.505617,2026-05-13 02:20:12.505617
736,SENSOR-A101-01,1,42.23633,8.0,2000,,,,2026-05-13 02:20:15.160902,2026-05-13 02:20:15.160902
737,SENSOR-A101-01,1,93.01758,1007.0,2000,,,,2026-05-13 02:20:17.829814,2026-05-13 02:20:17.829814
738,SENSOR-A101-01,1,58.10547,8.0,2000,,,,2026-05-13 02:20:20.476783,2026-05-13 02:20:20.476783
739,SENSOR-A101-01,1,64.94141,8.0,2000,,,,2026-05-13 02:20:22.933859,2026-05-13 02:20:22.933859
740,SENSOR-A101-01,1,42.72461,9.0,2000,,,,2026-05-13 02:20:25.618777,2026-05-13 02:20:25.618777
741,SENSOR-A101-01,1,78.36914,10.0,2000,,,,2026-05-13 02:20:28.270648,2026-05-13 02:20:28.270648
742,SENSOR-A101-01,1,43.45703,8.0,2000,,,,2026-05-13 02:20:30.896625,2026-05-13 02:20:30.896625
743,SENSOR-A101-01,1,71.77734,8.0,2000,,,,2026-05-13 02:20:33.382154,2026-05-13 02:20:33.382154
744,SENSOR-A101-01,1,57.37305,8.0,2000,,,,2026-05-13 02:20:36.261432,2026-05-13 02:20:36.261432
745,SENSOR-A101-01,1,79.10156,7.0,2000,,,,2026-05-13 02:20:41.179525,2026-05-13 02:20:41.179525
746,SENSOR-A101-01,1,49.80469,8.0,2000,,,,2026-05-13 02:20:44.022982,2026-05-13 02:20:44.022982
747,SENSOR-A101-01,1,47.11914,9.0,2000,,,,2026-05-13 02:20:49.575393,2026-05-13 02:20:49.575393
748,SENSOR-A101-01,1,68.60352,8.0,2000,,,,2026-05-13 02:20:52.056635,2026-05-13 02:20:52.056635
749,SENSOR-A101-01,1,68.11523,7.0,2000,,,,2026-05-13 02:20:54.467904,2026-05-13 02:20:54.467904
750,SENSOR-A101-01,1,83.98438,8.0,2000,,,,2026-05-13 02:20:56.946440,2026-05-13 02:20:56.946440
751,SENSOR-A101-01,1,45.6543,8.0,2000,,,,2026-05-13 02:20:59.598049,2026-05-13 02:20:59.598049
752,SENSOR-A101-01,1,50.04883,700.0,2000,,,,2026-05-13 02:21:02.455234,2026-05-13 02:21:02.455234
753,SENSOR-A101-01,1,62.01172,10.0,2000,,,,2026-05-13 02:21:07.498995,2026-05-13 02:21:07.498995
754,SENSOR-A101-01,1,71.04492,8.0,2000,,,,2026-05-13 02:21:10.033256,2026-05-13 02:21:10.033256
755,SENSOR-A101-01,1,69.82422,7.0,2000,,,,2026-05-13 02:21:12.696072,2026-05-13 02:21:12.696072
756,SENSOR-A101-01,1,94.48242,8.0,2000,,,,2026-05-13 02:21:15.155014,2026-05-13 02:21:15.155014
757,SENSOR-A101-01,1,57.86133,8.0,2000,,,,2026-05-13 02:21:18.037618,2026-05-13 02:21:18.037618
758,SENSOR-A101-01,1,58.83789,7.0,2000,,,,2026-05-13 02:21:20.898006,2026-05-13 02:21:20.898006
759,SENSOR-A101-01,1,42.96875,8.0,2000,,,,2026-05-13 02:21:23.538847,2026-05-13 02:21:23.538847
760,SENSOR-A101-01,1,43.45703,7.0,2000,,,,2026-05-13 02:21:26.210980,2026-05-13 02:21:26.210980
761,SENSOR-A101-01,1,56.88477,1005.0,2000,,,,2026-05-13 02:21:28.672532,2026-05-13 02:21:28.672532
762,SENSOR-A101-01,1,54.6875,7.0,2000,,,,2026-05-13 02:21:31.129375,2026-05-13 02:21:31.129375
763,SENSOR-A101-01,1,41.74805,8.0,2000,,,,2026-05-13 02:21:33.995111,2026-05-13 02:21:33.995111
764,SENSOR-A101-01,1,42.48047,8.0,2000,,,,2026-05-13 02:21:36.669303,2026-05-13 02:21:36.669303
765,SENSOR-A101-01,1,44.43359,8.0,2000,,,,2026-05-13 02:21:39.351012,2026-05-13 02:21:39.351012
766,SENSOR-A101-01,1,64.69727,9.0,2000,,,,2026-05-13 02:21:41.778468,2026-05-13 02:21:41.778468
767,SENSOR-A101-01,1,41.25977,1005.0,2000,,,,2026-05-13 02:21:44.235900,2026-05-13 02:21:44.235900
768,SENSOR-A101-01,1,42.72461,8.0,2000,,,,2026-05-13 02:21:47.715684,2026-05-13 02:21:47.715684
769,SENSOR-A101-01,1,42.96875,7.0,2000,,,,2026-05-13 02:21:50.383278,2026-05-13 02:21:50.383278
770,SENSOR-A101-01,1,47.36328,8.0,2000,,,,2026-05-13 02:21:53.078396,2026-05-13 02:21:53.078396
771,SENSOR-A101-01,1,45.41016,9.0,2000,,,,2026-05-13 02:21:55.731457,2026-05-13 02:21:55.731457
772,SENSOR-A101-01,1,61.2793,8.0,2000,,,,2026-05-13 02:21:58.161421,2026-05-13 02:21:58.161421
773,SENSOR-A101-01,1,45.6543,8.0,2000,,,,2026-05-13 02:22:00.616614,2026-05-13 02:22:00.616614
774,SENSOR-A101-01,1,42.72461,8.0,2000,,,,2026-05-13 02:22:03.285720,2026-05-13 02:22:03.285720
775,SENSOR-A101-01,1,68.84766,8.0,2000,,,,2026-05-13 02:22:05.949137,2026-05-13 02:22:05.949137
776,SENSOR-A101-01,1,65.67383,9.0,2000,,,,2026-05-13 02:22:08.615523,2026-05-13 02:22:08.615523
777,SENSOR-A101-01,1,41.74805,8.0,2000,,,,2026-05-13 02:22:14.093113,2026-05-13 02:22:14.093113
778,SENSOR-A101-01,1,42.23633,8.0,2000,,,,2026-05-13 02:22:17.049191,2026-05-13 02:22:17.049191
779,SENSOR-A101-01,1,57.12891,7.0,2000,,,,2026-05-13 02:22:22.704706,2026-05-13 02:22:22.704706
780,SENSOR-A101-01,1,54.93164,9.0,2000,,,,2026-05-13 02:22:25.634288,2026-05-13 02:22:25.634288
781,SENSOR-A101-01,1,42.72461,9.0,2000,,,,2026-05-13 02:22:28.474895,2026-05-13 02:22:28.474895
782,SENSOR-A101-01,1,44.67773,6.0,2000,,,,2026-05-13 02:22:31.036919,2026-05-13 02:22:31.036919
783,SENSOR-A101-01,1,45.89844,9.0,2000,,,,2026-05-13 02:22:33.493369,2026-05-13 02:22:33.493369
784,SENSOR-A101-01,1,44.67773,10.0,2000,,,,2026-05-13 02:22:36.156155,2026-05-13 02:22:36.156155
785,SENSOR-A101-01,1,72.99805,1006.0,2000,,,,2026-05-13 02:22:39.024180,2026-05-13 02:22:39.024180
786,SENSOR-A101-01,1,77.63672,8.0,2000,,,,2026-05-13 02:22:41.478602,2026-05-13 02:22:41.478602
787,SENSOR-A101-01,1,81.29883,8.0,2000,,,,2026-05-13 02:22:44.149957,2026-05-13 02:22:44.149957
788,SENSOR-A101-01,1,72.50977,8.0,2000,,,,2026-05-13 02:22:47.010429,2026-05-13 02:22:47.010429
789,SENSOR-A101-01,1,124.5117,8.0,2000,,,,2026-05-13 02:22:49.672613,2026-05-13 02:22:49.672613
790,SENSOR-A101-01,1,67.62695,8.0,2000,,,,2026-05-13 02:22:52.337674,2026-05-13 02:22:52.337674
791,SENSOR-A101-01,1,92.28516,8.0,2000,,,,2026-05-13 02:22:54.997260,2026-05-13 02:22:54.997260
792,SENSOR-A101-01,1,42.72461,8.0,2000,,,,2026-05-13 02:22:57.662656,2026-05-13 02:22:57.662656
793,SENSOR-A101-01,1,42.72461,8.0,2000,,,,2026-05-13 02:23:00.120243,2026-05-13 02:23:00.120243
794,SENSOR-A101-01,1,43.45703,8.0,2000,,,,2026-05-13 02:23:02.577668,2026-05-13 02:23:02.577668
795,SENSOR-A101-01,1,55.66406,8.0,2000,,,,2026-05-13 02:23:05.240174,2026-05-13 02:23:05.240174
796,SENSOR-A101-01,1,56.39648,9.0,2000,,,,2026-05-13 02:23:07.897649,2026-05-13 02:23:07.897649
797,SENSOR-A101-01,1,52.24609,8.0,2000,,,,2026-05-13 02:23:10.354120,2026-05-13 02:23:10.354120
798,SENSOR-A101-01,1,57.61719,7.0,2000,,,,2026-05-13 02:23:13.024128,2026-05-13 02:23:13.024128
799,SENSOR-A101-01,1,45.6543,9.0,2000,,,,2026-05-13 02:23:15.478655,2026-05-13 02:23:15.478655
800,SENSOR-A101-01,1,43.94531,8.0,2000,,,,2026-05-13 02:23:18.140923,2026-05-13 02:23:18.140923
801,SENSOR-A101-01,1,43.21289,7.0,2000,,,,2026-05-13 02:23:20.596401,2026-05-13 02:23:20.596401
802,SENSOR-A101-01,1,91.06445,8.0,2000,,,,2026-05-13 02:23:23.055277,2026-05-13 02:23:23.055277
803,SENSOR-A101-01,1,64.94141,8.0,2000,,,,2026-05-13 02:23:25.514884,2026-05-13 02:23:25.514884
804,SENSOR-A101-01,1,42.72461,7.0,2000,,,,2026-05-13 02:23:28.583946,2026-05-13 02:23:28.583946
805,SENSOR-A101-01,1,107.1777,10.0,2000,,,,2026-05-13 02:23:31.042127,2026-05-13 02:23:31.042127
806,SENSOR-A101-01,1,83.74023,8.0,2000,,,,2026-05-13 02:23:33.500571,2026-05-13 02:23:33.500571
807,SENSOR-A101-01,1,64.45313,8.0,2000,,,,2026-05-13 02:23:36.161429,2026-05-13 02:23:36.161429
808,SENSOR-A101-01,1,73.24219,7.0,2000,,,,2026-05-13 02:23:38.619124,2026-05-13 02:23:38.619124
809,SENSOR-A101-01,1,50.04883,8.0,2000,,,,2026-05-13 02:23:41.490180,2026-05-13 02:23:41.490180
810,SENSOR-A101-01,1,42.48047,8.0,2000,,,,2026-05-13 02:23:44.154057,2026-05-13 02:23:44.154057
811,SENSOR-A101-01,1,42.23633,8.0,2000,,,,2026-05-13 02:23:46.607867,2026-05-13 02:23:46.607867
812,SENSOR-A101-01,1,52.49023,8.0,2000,,,,2026-05-13 02:23:49.267413,2026-05-13 02:23:49.267413
813,SENSOR-A101-01,1,68.84766,8.0,2000,,,,2026-05-13 02:23:51.972722,2026-05-13 02:23:51.972722
814,SENSOR-A101-01,1,47.11914,7.0,2000,,,,2026-05-13 02:23:55.719062,2026-05-13 02:23:55.719062
815,SENSOR-A101-01,1,49.07227,8.0,2000,,,,2026-05-13 02:23:58.918231,2026-05-13 02:23:58.918231
816,SENSOR-A101-01,1,47.11914,8.0,2000,,,,2026-05-13 02:24:01.571642,2026-05-13 02:24:01.571642
817,SENSOR-A101-01,1,88.37891,7.0,2000,,,,2026-05-13 02:24:04.017238,2026-05-13 02:24:04.017238
818,SENSOR-A101-01,1,79.83398,7.0,2000,,,,2026-05-13 02:24:06.474782,2026-05-13 02:24:06.474782
819,SENSOR-A101-01,1,59.32617,7.0,2000,,,,2026-05-13 02:24:09.134924,2026-05-13 02:24:09.134924
820,SENSOR-A101-01,1,67.87109,9.0,2000,,,,2026-05-13 02:24:11.597905,2026-05-13 02:24:11.597905
821,SENSOR-A101-01,1,82.03125,8.0,2000,,,,2026-05-13 02:24:14.052663,2026-05-13 02:24:14.052663
822,SENSOR-A101-01,1,41.74805,8.0,2000,,,,2026-05-13 02:24:16.715063,2026-05-13 02:24:16.715063
823,SENSOR-A101-01,1,93.75,7.0,2000,,,,2026-05-13 02:24:19.372485,2026-05-13 02:24:19.372485
824,SENSOR-A101-01,1,42.23633,9.0,2000,,,,2026-05-13 02:24:22.037333,2026-05-13 02:24:22.037333
825,SENSOR-A101-01,1,42.23633,9.0,2000,,,,2026-05-13 02:24:24.496595,2026-05-13 02:24:24.496595
826,SENSOR-A101-01,1,45.6543,7.0,2000,,,,2026-05-13 02:24:26.949794,2026-05-13 02:24:26.949794
827,SENSOR-A101-01,1,63.96484,8.0,2000,,,,2026-05-13 02:24:29.615473,2026-05-13 02:24:29.615473
828,SENSOR-A101-01,1,46.63086,8.0,2000,,,,2026-05-13 02:24:32.281802,2026-05-13 02:24:32.281802
829,SENSOR-A101-01,1,44.18945,8.0,2000,,,,2026-05-13 02:24:34.944332,2026-05-13 02:24:34.944332
830,SENSOR-A101-01,1,72.50977,7.0,2000,,,,2026-05-13 02:24:37.607847,2026-05-13 02:24:37.607847
831,SENSOR-A101-01,1,62.98828,7.0,2000,,,,2026-05-13 02:24:40.266259,2026-05-13 02:24:40.266259
832,SENSOR-A101-01,1,55.17578,9.0,2000,,,,2026-05-13 02:24:42.927223,2026-05-13 02:24:42.927223
833,SENSOR-A101-01,1,61.2793,9.0,2000,,,,2026-05-13 02:24:45.381656,2026-05-13 02:24:45.381656
834,SENSOR-A101-01,1,77.14844,11.0,2000,,,,2026-05-13 02:24:48.044475,2026-05-13 02:24:48.044475
835,SENSOR-A101-01,1,48.82813,9.0,2000,,,,2026-05-13 02:24:50.713989,2026-05-13 02:24:50.713989
836,SENSOR-A101-01,1,44.67773,8.0,2000,,,,2026-05-13 02:24:53.168165,2026-05-13 02:24:53.168165
837,SENSOR-A101-01,1,59.08203,7.0,2000,,,,2026-05-13 02:24:55.623347,2026-05-13 02:24:55.623347
838,SENSOR-A101-01,1,42.72461,5.0,2000,,,,2026-05-13 02:24:58.082102,2026-05-13 02:24:58.082102
839,SENSOR-A101-01,1,50.29297,9.0,2000,,,,2026-05-13 02:25:00.546339,2026-05-13 02:25:00.546339
840,SENSOR-A101-01,1,44.67773,7.0,2000,,,,2026-05-13 02:25:03.002759,2026-05-13 02:25:03.002759
841,SENSOR-A101-01,1,61.03516,8.0,2000,,,,2026-05-13 02:25:05.666024,2026-05-13 02:25:05.666024
842,SENSOR-A101-01,1,57.61719,8.0,2000,,,,2026-05-13 02:25:08.122036,2026-05-13 02:25:08.122036
843,SENSOR-A101-01,1,64.45313,7.0,2000,,,,2026-05-13 02:25:10.778008,2026-05-13 02:25:10.778008
844,SENSOR-A101-01,1,67.13867,7.0,2000,,,,2026-05-13 02:25:13.233526,2026-05-13 02:25:13.233526
845,SENSOR-A101-01,1,43.21289,7.0,2000,,,,2026-05-13 02:25:15.693941,2026-05-13 02:25:15.693941
846,SENSOR-A101-01,1,70.80078,8.0,2000,,,,2026-05-13 02:25:18.328253,2026-05-13 02:25:18.328253
847,SENSOR-A101-01,1,61.76758,7.0,2000,,,,2026-05-13 02:25:20.815103,2026-05-13 02:25:20.815103
848,SENSOR-A101-01,1,69.33594,7.0,2000,,,,2026-05-13 02:25:23.487753,2026-05-13 02:25:23.487753
849,SENSOR-A101-01,1,67.62695,7.0,2000,,,,2026-05-13 02:25:25.939426,2026-05-13 02:25:25.939426
850,SENSOR-A101-01,1,123.7793,7.0,2000,,,,2026-05-13 02:25:28.393268,2026-05-13 02:25:28.393268
851,SENSOR-A101-01,1,73.24219,9.0,2000,,,,2026-05-13 02:25:30.852091,2026-05-13 02:25:30.852091
852,SENSOR-A101-01,1,45.89844,8.0,2000,,,,2026-05-13 02:25:33.309577,2026-05-13 02:25:33.309577
853,SENSOR-A101-01,1,92.04102,8.0,2000,,,,2026-05-13 02:25:35.772194,2026-05-13 02:25:35.772194
854,SENSOR-A101-01,1,55.17578,7.0,2000,,,,2026-05-13 02:25:38.221923,2026-05-13 02:25:38.221923
855,SENSOR-A101-01,1,43.45703,9.0,2000,,,,2026-05-13 02:25:40.681626,2026-05-13 02:25:40.681626
856,SENSOR-A101-01,1,117.6758,8.0,2000,,,,2026-05-13 02:25:43.147762,2026-05-13 02:25:43.147762
857,SENSOR-A101-01,1,43.70117,8.0,2000,,,,2026-05-13 02:25:45.596845,2026-05-13 02:25:45.596845
858,SENSOR-A101-01,1,43.45703,9.0,2000,,,,2026-05-13 02:25:48.056201,2026-05-13 02:25:48.056201
859,SENSOR-A101-01,1,43.70117,1005.0,2000,,,,2026-05-13 02:25:50.518783,2026-05-13 02:25:50.518783
860,SENSOR-A101-01,1,45.16602,8.0,2000,,,,2026-05-13 02:25:52.986174,2026-05-13 02:25:52.986174
861,SENSOR-A101-01,1,45.6543,7.0,2000,,,,2026-05-13 02:25:55.644556,2026-05-13 02:25:55.644556
862,SENSOR-A101-01,1,43.45703,7.0,2000,,,,2026-05-13 02:25:58.089719,2026-05-13 02:25:58.089719
863,SENSOR-A101-01,1,46.63086,8.0,2000,,,,2026-05-13 02:26:00.546996,2026-05-13 02:26:00.546996
864,SENSOR-A101-01,1,66.40625,7.0,2000,,,,2026-05-13 02:26:03.033650,2026-05-13 02:26:03.033650
865,SENSOR-A101-01,1,58.83789,8.0,2000,,,,2026-05-13 02:26:05.885494,2026-05-13 02:26:05.885494
866,SENSOR-A101-01,1,63.23242,8.0,2000,,,,2026-05-13 02:26:08.365843,2026-05-13 02:26:08.365843
867,SENSOR-A101-01,1,91.06445,7.0,2000,,,,2026-05-13 02:26:10.802265,2026-05-13 02:26:10.802265
868,SENSOR-A101-01,1,64.20898,9.0,2000,,,,2026-05-13 02:26:13.215691,2026-05-13 02:26:13.215691
869,SENSOR-A101-01,1,48.58398,7.0,2000,,,,2026-05-13 02:26:15.698988,2026-05-13 02:26:15.698988
870,SENSOR-A101-01,1,83.25195,6.0,2000,,,,2026-05-13 02:26:18.394308,2026-05-13 02:26:18.394308
871,SENSOR-A101-01,1,65.91797,7.0,2000,,,,2026-05-13 02:26:20.825505,2026-05-13 02:26:20.825505
872,SENSOR-A101-01,1,45.89844,7.0,2000,,,,2026-05-13 02:26:23.312145,2026-05-13 02:26:23.312145
873,SENSOR-A101-01,1,65.18555,8.0,2000,,,,2026-05-13 02:26:25.942507,2026-05-13 02:26:25.942507
874,SENSOR-A101-01,1,66.16211,8.0,2000,,,,2026-05-13 02:26:28.724426,2026-05-13 02:26:28.724426
875,SENSOR-A101-01,1,53.22266,8.0,2000,,,,2026-05-13 02:26:31.370303,2026-05-13 02:26:31.370303
876,SENSOR-A101-01,1,45.89844,8.0,2000,,,,2026-05-13 02:26:33.832519,2026-05-13 02:26:33.832519
877,SENSOR-A101-01,1,69.82422,8.0,2000,,,,2026-05-13 02:26:36.306808,2026-05-13 02:26:36.306808
878,SENSOR-A101-01,1,50.29297,9.0,2000,,,,2026-05-13 02:26:38.954834,2026-05-13 02:26:38.954834
879,SENSOR-A101-01,1,43.94531,7.0,2000,,,,2026-05-13 02:26:41.432953,2026-05-13 02:26:41.432953
880,SENSOR-A101-01,1,44.67773,8.0,2000,,,,2026-05-13 02:26:43.870167,2026-05-13 02:26:43.870167
881,SENSOR-A101-01,1,106.6895,7.0,2000,,,,2026-05-13 02:26:46.322474,2026-05-13 02:26:46.322474
882,SENSOR-A101-01,1,66.16211,9.0,2000,,,,2026-05-13 02:26:48.777815,2026-05-13 02:26:48.777815
883,SENSOR-A101-01,1,81.54297,8.0,2000,,,,2026-05-13 02:26:51.463681,2026-05-13 02:26:51.463681
884,SENSOR-A101-01,1,66.89453,9.0,2000,,,,2026-05-13 02:26:54.104914,2026-05-13 02:26:54.104914
885,SENSOR-A101-01,1,78.61328,8.0,2000,,,,2026-05-13 02:26:56.563174,2026-05-13 02:26:56.563174
886,SENSOR-A101-01,1,75.43945,8.0,2000,,,,2026-05-13 02:26:59.019071,2026-05-13 02:26:59.019071
887,SENSOR-A101-01,1,45.16602,8.0,2000,,,,2026-05-13 02:27:01.695125,2026-05-13 02:27:01.695125
888,SENSOR-A101-01,1,69.33594,8.0,2000,,,,2026-05-13 02:27:04.369428,2026-05-13 02:27:04.369428
889,SENSOR-A101-01,1,42.23633,8.0,2000,,,,2026-05-13 02:29:35.514635,2026-05-13 02:29:35.514635
890,SENSOR-A101-01,1,65.18555,8.0,2000,,,,2026-05-13 02:29:38.122384,2026-05-13 02:29:38.122384
891,SENSOR-A101-01,1,53.22266,7.0,2000,,,,2026-05-13 02:29:40.649213,2026-05-13 02:29:40.649213
892,SENSOR-A101-01,1,39.55078,7.0,2000,,,,2026-05-13 02:29:43.224516,2026-05-13 02:29:43.224516
893,SENSOR-A101-01,1,52.24609,7.0,2000,,,,2026-05-13 02:29:45.932709,2026-05-13 02:29:45.932709
894,SENSOR-A101-01,1,49.07227,7.0,2000,,,,2026-05-13 02:29:48.599496,2026-05-13 02:29:48.599496
895,SENSOR-A101-01,1,40.52734,9.0,2000,,,,2026-05-13 02:29:51.051260,2026-05-13 02:29:51.051260
896,SENSOR-A101-01,1,81.05469,8.0,2000,,,,2026-05-13 02:29:53.731160,2026-05-13 02:29:53.731160
897,SENSOR-A101-01,1,74.21875,8.0,2000,,,,2026-05-13 02:29:56.274156,2026-05-13 02:29:56.274156
898,SENSOR-A101-01,1,41.99219,8.0,2000,,,,2026-05-13 02:29:59.370104,2026-05-13 02:29:59.370104
